{"stats":{"minecraft:crafted":{"minecraft:oak_planks":12,"minecraft:birch_boat":1,"minecraft:furnace":3,"minecraft:stone_pickaxe":1,"biomesoplenty:jacaranda_door":3,"minecraft:cooked_cod":4,"biomesoplenty:jacaranda_planks":20,"minecraft:cooked_porkchop":2,"biomesoplenty:jacaranda_boat":1,"minecraft:crafting_table":3,"minecraft:wooden_pickaxe":1,"minecraft:iron_sword":1,"minecraft:birch_planks":28,"minecraft:stone_axe":1,"minecraft:iron_chestplate":1,"minecraft:diamond_pickaxe":1,"minecraft:stick":20,"minecraft:iron_ingot":15,"minecraft:iron_pickaxe":1,"minecraft:wooden_axe":1,"minecraft:stone_sword":1,"minecraft:torch":4},"minecraft:mined":{"minecraft:large_amethyst_bud":1,"minecraft:tuff":11,"minecraft:deepslate_diamond_ore":8,"minecraft:jack_o_lantern":1,"minecraft:carved_pumpkin":1,"minecraft:glow_lichen":1,"minecraft:cave_vines_plant":1,"minecraft:granite":1,"minecraft:spruce_leaves":2,"minecraft:magma_block":6,"biomesoplenty:jacaranda_log":42,"minecraft:redstone_ore":12,"biomesoplenty:toadstool":2,"minecraft:iron_ore":40,"minecraft:andesite":2,"minecraft:pumpkin":6,"evilcraft:dark_ore":10,"minecraft:deepslate_lapis_ore":9,"biomesoplenty:sea_oats":3,"minecraft:mossy_stone_brick_stairs":1,"minecraft:deepslate_iron_ore":71,"minecraft:rail":93,"biomesoplenty:webbing":3,"minecraft:stone":236,"biomesoplenty:jacaranda_leaves":97,"minecraft:deepslate_redstone_ore":33,"biomesoplenty:glowworm_silk":1,"minecraft:kelp_plant":2,"minecraft:medium_amethyst_bud":1,"minecraft:amethyst_cluster":4,"minecraft:crafting_table":7,"minecraft:torch":2,"minecraft:calcite":12,"minecraft:lapis_ore":6,"biomesoplenty:sprout":1,"minecraft:deepslate_gold_ore":11,"minecraft:wall_torch":8,"minecraft:amethyst_block":8,"minecraft:seagrass":1,"minecraft:purple_bed":1,"biomesoplenty:glowworm_silk_strand":1,"minecraft:birch_log":7,"evilcraft:dark_ore_deepslate":5,"minecraft:grass":2,"minecraft:coal_ore":27,"minecraft:oak_log":2,"minecraft:stripped_birch_wood":1,"biomesoplenty:stringy_cobweb":1,"minecraft:cobweb":60,"minecraft:smooth_basalt":5,"minecraft:stone_bricks":1,"minecraft:netherrack":13,"minecraft:deepslate":34},"minecraft:broken":{"minecraft:stone_sword":1,"minecraft:iron_pickaxe":1},"minecraft:dropped":{"minecraft:iron_sword":1,"minecraft:stripped_birch_wood":1,"minecraft:cobblestone":4,"biomesoplenty:jacaranda_planks":1,"biomesoplenty:toadstool":2,"minecraft:stone_axe":1,"minecraft:kelp":3,"minecraft:rotten_flesh":3,"minecraft:arrow":1,"minecraft:netherrack":8},"minecraft:picked_up":{"minecraft:crafting_table":7,"biomesoplenty:jacaranda_sapling":8,"minecraft:amethyst_block":8,"minecraft:string":61,"minecraft:cobbled_deepslate":34,"minecraft:beef":4,"minecraft:calcite":11,"minecraft:raw_iron":109,"minecraft:stick":3,"minecraft:torch":10,"minecraft:porkchop":2,"tombstone:grave_dust":2,"minecraft:redstone":204,"minecraft:arrow":1,"vampirism:blood_bottle":1,"minecraft:rotten_flesh":4,"biomesoplenty:jacaranda_log":42,"minecraft:tropical_fish":1,"minecraft:carved_pumpkin":1,"minecraft:stripped_birch_wood":1,"minecraft:glow_berries":1,"minecraft:mutton":1,"minecraft:white_wool":1,"alexsmobs:flying_fish":1,"minecraft:cod":4,"alexsmobs:lobster_tail":1,"minecraft:rail":91,"minecraft:cobblestone":226,"minecraft:birch_log":7,"minecraft:magma_block":6,"vampirism:vampire_blood_bottle":1,"minecraft:andesite":2,"minecraft:leather":1,"minecraft:oak_log":4,"minecraft:tuff":10,"minecraft:lapis_lazuli":99,"minecraft:bone":3,"minecraft:stone_bricks":1,"minecraft:kelp":3,"minecraft:bow":1,"minecraft:raw_gold":11,"minecraft:iron_sword":1,"minecraft:mossy_stone_brick_stairs":1,"biomesoplenty:toadstool":2,"minecraft:smooth_basalt":8,"minecraft:birch_boat":1,"minecraft:pumpkin":6,"minecraft:amethyst_shard":16,"minecraft:spider_eye":2,"minecraft:purple_bed":1,"minecraft:diamond":8,"evilcraft:dark_gem":62,"alexsmobs:maggot":1,"minecraft:oak_sapling":1,"minecraft:jack_o_lantern":1,"minecraft:netherrack":8,"minecraft:coal":27},"minecraft:custom":{"minecraft:mob_kills":34,"minecraft:interact_with_crafting_table":25,"minecraft:open_barrel":15,"minecraft:damage_dealt_resisted":711,"minecraft:leave_game":2,"minecraft:time_since_death":43193,"minecraft:climb_one_cm":1853,"vampirism:amount_bitten":20,"minecraft:sprint_one_cm":115953,"minecraft:walk_one_cm":603064,"vampirism:interact_with_totem":1,"minecraft:drop":10,"vampirism:skills_unlocked":2,"minecraft:talked_to_villager":13,"minecraft:play_time":104572,"minecraft:deaths":1,"minecraft:sneak_time":2139,"minecraft:walk_under_water_one_cm":48888,"minecraft:boat_one_cm":128520,"minecraft:jump":1081,"minecraft:walk_on_water_one_cm":32397,"minecraft:total_world_time":104572,"vampirism:blood_drunk":3400,"minecraft:interact_with_furnace":16,"minecraft:interact_with_cartography_table":1,"minecraft:time_since_rest":41153,"vampirism:resurrected":2,"minecraft:waystone_activated":1,"minecraft:damage_taken":1747,"minecraft:damage_dealt":6375,"minecraft:swim_one_cm":85,"minecraft:fly_one_cm":19333,"minecraft:open_chest":20,"minecraft:crouch_one_cm":4168,"tombstone:undead_killed":7,"minecraft:fall_one_cm":10096},"minecraft:killed":{"vampirism:vampire":2,"alexsmobs:lobster":1,"vampirism:advanced_vampire":2,"minecraft:spider":6,"minecraft:cod":6,"minecraft:skeleton":4,"alexsmobs:flying_fish":1,"minecraft:pig":1,"vampirism:hunter":1,"minecraft:sheep":1,"alexsmobs:cockroach":2,"minecraft:zombie":3,"alexsmobs:fly":1,"minecraft:cow":2},"minecraft:used":{"minecraft:writable_book":1,"minecraft:stone_sword":99,"minecraft:iron_sword":104,"minecraft:torch":14,"minecraft:mutton":1,"minecraft:tuff":10,"minecraft:wooden_axe":3,"minecraft:barrel":5,"minecraft:stone_bricks":1,"minecraft:smooth_basalt":8,"minecraft:furnace":3,"minecraft:cooked_cod":4,"minecraft:cobbled_deepslate":34,"minecraft:calcite":11,"biomesoplenty:jacaranda_door":3,"minecraft:water_bucket":6,"minecraft:amethyst_block":8,"minecraft:birch_planks":7,"minecraft:stone_pickaxe":57,"minecraft:birch_boat":2,"minecraft:wooden_pickaxe":39,"minecraft:mossy_stone_brick_stairs":1,"minecraft:crafting_table":10,"minecraft:diamond_pickaxe":348,"minecraft:bread":13,"minecraft:iron_pickaxe":251,"biomesoplenty:jacaranda_boat":1,"minecraft:stone_axe":130,"minecraft:cobblestone":121,"minecraft:purple_bed":1,"minecraft:cooked_porkchop":2,"minecraft:bucket":5,"alexsmobs:animal_dictionary":3}},"DataVersion":3465}