{"stats":{"minecraft:picked_up":{"minecraft:wheat":259,"minecraft:redstone_block":4,"minecraft:smithing_table":1,"minecraft:amethyst_block":12,"minecraft:string":67,"minecraft:raw_copper":27,"minecraft:sticky_piston":2,"minecraft:diamond_leggings":1,"minecraft:cobbled_deepslate":196,"minecraft:white_tulip":4,"minecraft:rose_bush":81,"minecraft:written_book":1,"minecraft:calcite":14,"alexsmobs:raccoon_tail":1,"minecraft:stick":54,"minecraft:torch":15,"minecraft:porkchop":2,"vampirism:holy_water_bottle_enhanced":1,"tombstone:grave_dust":2,"minecraft:diorite":3,"vampirism:blood_bottle":9,"minecraft:rotten_flesh":5,"minecraft:tropical_fish":1,"minecraft:red_tulip":4,"minecraft:carved_pumpkin":1,"minecraft:stripped_birch_wood":1,"minecraft:cod":4,"alexsmobs:flying_fish":1,"alexsmobs:lobster_tail":1,"minecraft:cobblestone":442,"minecraft:birch_log":12,"minecraft:magma_block":6,"minecraft:andesite":36,"minecraft:flint":2,"minecraft:tuff":11,"minecraft:lapis_lazuli":120,"minecraft:dirt":766,"minecraft:bone":7,"minecraft:bow":2,"minecraft:orange_tulip":1,"minecraft:wheat_seeds":622,"minecraft:raw_gold":18,"minecraft:diamond_helmet":1,"evilcraft:dark_ore":5,"minecraft:oak_planks":2,"minecraft:mossy_stone_brick_stairs":1,"biomesoplenty:toadstool":2,"minecraft:sand":7,"minecraft:grass_block":11,"minecraft:lily_of_the_valley":3,"minecraft:dark_oak_log":2,"minecraft:diamond":15,"minecraft:granite":35,"minecraft:bone_meal":51,"alexsmobs:maggot":1,"minecraft:oak_sapling":21,"minecraft:jack_o_lantern":1,"minecraft:netherrack":8,"minecraft:crafting_table":10,"minecraft:azure_bluet":1,"biomesoplenty:jacaranda_sapling":71,"biomesoplenty:jacaranda_fence_gate":2,"biomesoplenty:jacaranda_fence":20,"evilcraft:poison_sac":1,"biomesoplenty:jacaranda_slab":96,"minecraft:beef":4,"minecraft:oak_boat":8,"minecraft:poppy":4,"minecraft:tinted_glass":4,"minecraft:egg":1,"minecraft:copper_ore":1,"minecraft:raw_iron":135,"minecraft:stone":13,"minecraft:music_disc_mellohi":1,"minecraft:redstone":233,"minecraft:arrow":5,"minecraft:diamond_chestplate":1,"biomesoplenty:jacaranda_log":120,"biomesoplenty:jacaranda_stairs":5,"minecraft:diamond_boots":1,"minecraft:pink_tulip":4,"minecraft:black_banner":1,"minecraft:glow_berries":1,"minecraft:mutton":1,"minecraft:white_wool":10,"minecraft:skeleton_skull":1,"minecraft:rail":91,"minecraft:bone_block":15,"minecraft:air":0,"minecraft:mud_bricks":1,"vampirism:vampire_blood_bottle":1,"vampirism:item_tent":2,"minecraft:glow_ink_sac":5,"minecraft:leather":4,"minecraft:oak_log":27,"minecraft:white_banner":1,"minecraft:apple":1,"minecraft:stone_bricks":1,"minecraft:kelp":3,"minecraft:iron_ore":1,"minecraft:glass_bottle":1,"minecraft:iron_sword":1,"minecraft:smooth_basalt":11,"minecraft:birch_boat":2,"minecraft:pumpkin":63,"minecraft:dandelion":6,"minecraft:gravel":15,"minecraft:amethyst_shard":32,"minecraft:spruce_sapling":1,"minecraft:spruce_log":5,"minecraft:spider_eye":4,"minecraft:coal_ore":18,"minecraft:purple_bed":1,"minecraft:gray_banner":1,"evilcraft:dark_gem":210,"minecraft:diamond_axe":2,"minecraft:coal":109,"minecraft:ender_pearl":3,"vampirism:coffin_white":1},"minecraft:custom":{"minecraft:animals_bred":20,"minecraft:interact_with_crafting_table":64,"minecraft:open_barrel":24,"minecraft:leave_game":4,"minecraft:time_since_death":257075,"minecraft:sprint_one_cm":747898,"vampirism:interact_with_coffin":2,"vampirism:interact_with_totem":1,"minecraft:drop":37,"minecraft:play_noteblock":2,"minecraft:talked_to_villager":14,"minecraft:play_time":372264,"minecraft:deaths":2,"minecraft:jump":2803,"minecraft:interact_with_brewingstand":1,"minecraft:walk_on_water_one_cm":59157,"vampirism:altar_of_inspiration_rituals_performed":2,"minecraft:interact_with_furnace":24,"minecraft:interact_with_cartography_table":1,"minecraft:sleep_in_bed":1,"minecraft:waystone_activated":2,"minecraft:open_enderchest":2,"minecraft:damage_dealt":13771,"minecraft:crouch_one_cm":30914,"tombstone:undead_killed":11,"minecraft:interact_with_smithing_table":2,"minecraft:mob_kills":65,"minecraft:damage_dealt_resisted":953,"minecraft:climb_one_cm":9179,"vampirism:amount_bitten":304,"minecraft:walk_one_cm":2022931,"vampirism:skills_unlocked":5,"vampirism:interact_with_altar_inspiration":20,"minecraft:sneak_time":7867,"minecraft:walk_under_water_one_cm":93619,"minecraft:boat_one_cm":989067,"minecraft:interact_with_blast_furnace":1,"minecraft:total_world_time":372264,"vampirism:blood_drunk":41800,"tombstone:raider_killed":4,"minecraft:interact_with_grindstone":1,"minecraft:time_since_rest":130360,"vampirism:resurrected":5,"minecraft:damage_taken":103052,"minecraft:swim_one_cm":85,"minecraft:fly_one_cm":989584,"minecraft:open_chest":79,"minecraft:fall_one_cm":34422},"minecraft:killed_by":{"minecraft:player":1},"minecraft:dropped":{"minecraft:iron_sword":1,"minecraft:diamond_axe":2,"minecraft:oak_log":1,"minecraft:ender_pearl":3,"minecraft:stripped_birch_wood":1,"minecraft:flint":2,"minecraft:sand":2,"minecraft:dark_oak_boat":1,"biomesoplenty:toadstool":2,"minecraft:stone_axe":1,"minecraft:tinted_glass":2,"minecraft:wheat":108,"minecraft:rotten_flesh":3,"vampirism:blood_bottle":2,"evilcraft:poison_sac":1,"minecraft:arrow":1,"minecraft:netherrack":8,"minecraft:cobblestone":5,"biomesoplenty:jacaranda_planks":1,"minecraft:stick":5,"tombstone:grave_dust":3,"minecraft:paper":4,"minecraft:bucket":1,"minecraft:redstone":6,"minecraft:kelp":3,"biomesoplenty:jacaranda_fence_gate":1,"vampirism:obi_belt":1,"minecraft:shears":1,"minecraft:blast_furnace":1},"minecraft:mined":{"minecraft:large_amethyst_bud":1,"minecraft:farmland":1,"minecraft:carved_pumpkin":1,"minecraft:cave_vines_plant":1,"minecraft:granite":4,"minecraft:grass_block":649,"biomesoplenty:jacaranda_stairs":5,"minecraft:mud_bricks":5,"minecraft:magma_block":6,"minecraft:iron_ore":41,"minecraft:sticky_piston":2,"minecraft:pumpkin":64,"minecraft:deepslate_lapis_ore":9,"vampirism:tent":2,"minecraft:azure_bluet":2,"minecraft:dark_oak_stairs":1,"minecraft:red_tulip":2,"biomesoplenty:webbing":3,"minecraft:pink_tulip":4,"minecraft:waxed_cut_copper":2,"minecraft:deepslate_redstone_ore":35,"biomesoplenty:jacaranda_leaves":1058,"minecraft:kelp_plant":2,"biomesoplenty:glowworm_silk":1,"minecraft:medium_amethyst_bud":1,"biomesoplenty:jacaranda_slab":103,"minecraft:amethyst_cluster":8,"minecraft:torch":3,"minecraft:calcite":15,"minecraft:poppy":3,"minecraft:dead_bush":1,"minecraft:cobblestone":2,"minecraft:wall_torch":11,"minecraft:amethyst_block":12,"minecraft:skeleton_skull":1,"minecraft:seagrass":1,"biomesoplenty:glowworm_silk_strand":1,"minecraft:tinted_glass":2,"minecraft:birch_log":12,"evilcraft:dark_ore_deepslate":29,"minecraft:wheat":234,"minecraft:orange_tulip":1,"minecraft:grass":130,"minecraft:oak_log":25,"minecraft:sand":6,"minecraft:dirt":136,"minecraft:stripped_birch_wood":1,"minecraft:smooth_basalt":8,"minecraft:netherrack":13,"minecraft:oak_leaves":353,"minecraft:deepslate":37,"minecraft:tuff":11,"minecraft:deepslate_diamond_ore":11,"minecraft:dark_oak_log":2,"minecraft:jack_o_lantern":1,"biomesoplenty:jacaranda_fence":1,"minecraft:glow_lichen":2,"minecraft:spruce_leaves":59,"biomesoplenty:jacaranda_sapling":2,"biomesoplenty:tundra_shrub":3,"biomesoplenty:jacaranda_log":120,"minecraft:redstone_ore":12,"biomesoplenty:toadstool":2,"minecraft:andesite":3,"evilcraft:dark_ore":21,"biomesoplenty:sea_oats":3,"minecraft:mossy_stone_brick_stairs":1,"minecraft:deepslate_iron_ore":71,"minecraft:rail":93,"minecraft:stone":260,"minecraft:white_tulip":1,"minecraft:bone_block":15,"minecraft:smithing_table":1,"minecraft:lily_of_the_valley":2,"minecraft:dandelion":5,"minecraft:crafting_table":10,"minecraft:honey_block":1,"minecraft:rose_bush":84,"vampirism:coffin_white":1,"minecraft:tall_grass":1,"minecraft:copper_ore":1,"minecraft:lapis_ore":6,"biomesoplenty:sprout":127,"minecraft:deepslate_gold_ore":11,"minecraft:purple_bed":1,"biomesoplenty:yellow_autumn_leaves":1,"minecraft:black_wall_banner":1,"minecraft:spruce_log":6,"minecraft:coal_ore":56,"minecraft:gravel":16,"minecraft:sunflower":2,"biomesoplenty:stringy_cobweb":1,"minecraft:cobweb":60,"minecraft:stone_bricks":1},"minecraft:used":{"minecraft:writable_book":1,"minecraft:ladder":28,"minecraft:diamond_hoe":1562,"minecraft:iron_sword":293,"minecraft:iron_chestplate":1,"hammers:diamond_hammer":77,"minecraft:mutton":1,"minecraft:lily_of_the_valley":1,"vampirism:coffin_white":4,"minecraft:tuff":10,"minecraft:stone_bricks":1,"biomesoplenty:jacaranda_sapling":71,"minecraft:bow":4,"minecraft:furnace":4,"minecraft:cooked_cod":4,"biomesoplenty:jacaranda_fence":18,"minecraft:stone_pickaxe":57,"minecraft:wooden_pickaxe":39,"minecraft:mossy_stone_brick_stairs":1,"minecraft:redstone_block":12,"minecraft:diamond_axe":370,"biomesoplenty:jacaranda_planks":103,"minecraft:bread":13,"biomesoplenty:jacaranda_boat":1,"minecraft:smithing_table":1,"minecraft:oak_boat":12,"minecraft:bone_meal":342,"minecraft:stone_sword":99,"minecraft:torch":59,"minecraft:dirt":631,"minecraft:golden_shovel":10,"minecraft:granite":3,"biomesoplenty:jacaranda_slab":191,"minecraft:wooden_axe":3,"minecraft:barrel":5,"minecraft:smooth_basalt":11,"biomesoplenty:jacaranda_stairs":25,"tombstone:gift":4,"minecraft:cobbled_deepslate":38,"minecraft:calcite":11,"minecraft:wheat_seeds":399,"minecraft:water_bucket":26,"biomesoplenty:jacaranda_door":3,"minecraft:amethyst_block":8,"minecraft:birch_planks":7,"minecraft:birch_boat":4,"minecraft:crafting_table":18,"minecraft:diamond_pickaxe":495,"minecraft:diamond_shovel":1225,"minecraft:iron_pickaxe":251,"minecraft:stone_axe":130,"minecraft:cobblestone":279,"minecraft:purple_bed":1,"minecraft:cooked_porkchop":2,"minecraft:bucket":25,"alexsmobs:animal_dictionary":5},"minecraft:crafted":{"minecraft:oak_planks":52,"hammers:diamond_hammer":1,"minecraft:dark_oak_boat":1,"minecraft:birch_boat":2,"minecraft:diamond_shovel":1,"minecraft:glass":21,"minecraft:chest":1,"biomesoplenty:jacaranda_stairs":20,"minecraft:glass_bottle":12,"sophisticatedbackpacks:backpack":1,"biomesoplenty:jacaranda_planks":292,"minecraft:diamond_axe":1,"minecraft:cooked_porkchop":2,"minecraft:crafting_table":8,"minecraft:wooden_pickaxe":1,"minecraft:birch_planks":48,"biomesoplenty:jacaranda_slab":108,"minecraft:iron_chestplate":1,"minecraft:diamond_pickaxe":2,"sophisticatedbackpacks:diamond_backpack":1,"minecraft:stick":100,"minecraft:iron_ingot":64,"minecraft:iron_pickaxe":1,"vampirism:coffin_white":3,"minecraft:iron_block":1,"minecraft:stone_sword":1,"minecraft:shears":2,"minecraft:diamond_hoe":1,"minecraft:furnace":4,"minecraft:bone_meal":291,"evilcraft:dark_block":7,"minecraft:diamond":9,"minecraft:ladder":33,"minecraft:stone_pickaxe":1,"biomesoplenty:jacaranda_door":3,"minecraft:redstone_block":22,"minecraft:dark_oak_planks":8,"sophisticatedbackpacks:iron_backpack":1,"minecraft:cooked_beef":3,"minecraft:cooked_cod":4,"biomesoplenty:jacaranda_boat":1,"minecraft:iron_sword":1,"sophisticatedbackpacks:gold_backpack":1,"minecraft:bucket":5,"minecraft:stone_axe":1,"minecraft:oak_boat":5,"minecraft:wooden_axe":1,"minecraft:torch":44,"minecraft:lapis_block":12},"minecraft:killed":{"vampirism:vampire":3,"alexsmobs:lobster":1,"vampirism:advanced_vampire":2,"minecraft:spider":16,"minecraft:cod":6,"minecraft:skeleton":6,"vampirism:blinding_bat":1,"vampirism:advanced_hunter":1,"minecraft:illusioner":3,"minecraft:pig":1,"alexsmobs:grizzly_bear":1,"vampirism:hunter":2,"minecraft:sheep":1,"minecraft:zombie":4,"alexsmobs:fly":1,"minecraft:cow":2,"alexsmobs:raccoon":1,"minecraft:phantom":1,"minecraft:horse":2,"alexsmobs:flying_fish":1,"alexsmobs:cockroach":3,"evilcraft:poisonous_libelle":1,"minecraft:enderman":3},"minecraft:broken":{"minecraft:iron_sword":1,"minecraft:stone_sword":1,"minecraft:iron_pickaxe":1}},"DataVersion":3465}