{"stats":{"minecraft:crafted":{"minecraft:cooked_cod":4,"minecraft:oak_planks":4,"biomesoplenty:jacaranda_planks":20,"minecraft:cooked_porkchop":2,"biomesoplenty:jacaranda_boat":1,"minecraft:crafting_table":2,"minecraft:birch_boat":1,"minecraft:wooden_pickaxe":1,"minecraft:iron_sword":1,"minecraft:furnace":2,"minecraft:birch_planks":28,"minecraft:stone_axe":1,"minecraft:iron_chestplate":1,"minecraft:stick":16,"minecraft:iron_pickaxe":1,"minecraft:iron_ingot":15,"minecraft:stone_pickaxe":1,"minecraft:wooden_axe":1,"minecraft:stone_sword":1,"biomesoplenty:jacaranda_door":3,"minecraft:torch":4},"minecraft:mined":{"biomesoplenty:jacaranda_leaves":97,"minecraft:kelp_plant":2,"minecraft:amethyst_cluster":2,"minecraft:jack_o_lantern":1,"minecraft:carved_pumpkin":1,"minecraft:crafting_table":6,"minecraft:calcite":12,"minecraft:spruce_leaves":1,"biomesoplenty:sprout":1,"minecraft:wall_torch":2,"minecraft:amethyst_block":8,"minecraft:seagrass":1,"minecraft:purple_bed":1,"biomesoplenty:jacaranda_log":42,"minecraft:magma_block":6,"biomesoplenty:toadstool":2,"minecraft:birch_log":7,"minecraft:iron_ore":15,"minecraft:pumpkin":6,"biomesoplenty:sea_oats":3,"minecraft:grass":2,"minecraft:mossy_stone_brick_stairs":1,"minecraft:coal_ore":2,"minecraft:smooth_basalt":5,"minecraft:stone":35,"minecraft:stone_bricks":1,"minecraft:netherrack":13},"minecraft:dropped":{"minecraft:iron_sword":1,"minecraft:stone_axe":1,"minecraft:kelp":3,"minecraft:cobblestone":4,"biomesoplenty:jacaranda_planks":1,"minecraft:netherrack":8},"minecraft:picked_up":{"minecraft:birch_log":7,"minecraft:magma_block":6,"minecraft:crafting_table":6,"vampirism:vampire_blood_bottle":1,"biomesoplenty:jacaranda_sapling":8,"minecraft:oak_log":2,"minecraft:amethyst_block":8,"minecraft:bone":3,"minecraft:stone_bricks":1,"minecraft:kelp":3,"minecraft:bow":1,"minecraft:beef":3,"minecraft:calcite":11,"minecraft:iron_sword":1,"minecraft:mossy_stone_brick_stairs":1,"minecraft:smooth_basalt":8,"minecraft:raw_iron":15,"biomesoplenty:toadstool":2,"minecraft:stick":3,"minecraft:birch_boat":1,"minecraft:pumpkin":6,"minecraft:torch":2,"minecraft:porkchop":2,"minecraft:amethyst_shard":8,"minecraft:arrow":1,"minecraft:purple_bed":1,"minecraft:rotten_flesh":1,"biomesoplenty:jacaranda_log":42,"minecraft:carved_pumpkin":1,"minecraft:jack_o_lantern":1,"minecraft:oak_sapling":1,"minecraft:netherrack":8,"minecraft:mutton":1,"minecraft:white_wool":1,"minecraft:cod":4,"minecraft:coal":2,"alexsmobs:flying_fish":1,"alexsmobs:lobster_tail":1,"minecraft:cobblestone":34},"minecraft:custom":{"minecraft:interact_with_furnace":14,"minecraft:mob_kills":18,"minecraft:interact_with_cartography_table":1,"minecraft:interact_with_crafting_table":23,"minecraft:open_barrel":15,"minecraft:damage_dealt_resisted":262,"minecraft:time_since_death":38979,"minecraft:climb_one_cm":522,"minecraft:time_since_rest":38979,"minecraft:waystone_activated":1,"minecraft:sprint_one_cm":89555,"minecraft:damage_taken":921,"minecraft:walk_one_cm":92874,"minecraft:drop":6,"vampirism:interact_with_totem":1,"minecraft:damage_dealt":2899,"minecraft:talked_to_villager":13,"minecraft:fly_one_cm":14107,"minecraft:open_chest":10,"minecraft:crouch_one_cm":487,"minecraft:play_time":38979,"tombstone:undead_killed":5,"minecraft:sneak_time":559,"minecraft:walk_under_water_one_cm":38323,"minecraft:boat_one_cm":128520,"minecraft:jump":195,"minecraft:walk_on_water_one_cm":10186,"minecraft:total_world_time":38979,"minecraft:fall_one_cm":3839},"minecraft:killed":{"alexsmobs:lobster":1,"minecraft:pig":1,"vampirism:advanced_vampire":1,"minecraft:cod":6,"minecraft:sheep":1,"minecraft:skeleton":4,"minecraft:zombie":1,"alexsmobs:flying_fish":1,"minecraft:cow":1},"minecraft:used":{"biomesoplenty:jacaranda_door":3,"minecraft:writable_book":1,"minecraft:stone_sword":64,"minecraft:birch_planks":7,"minecraft:stone_pickaxe":57,"minecraft:mossy_stone_brick_stairs":1,"minecraft:birch_boat":2,"minecraft:wooden_pickaxe":39,"minecraft:iron_sword":4,"minecraft:torch":2,"minecraft:crafting_table":8,"minecraft:wooden_axe":3,"minecraft:bread":10,"minecraft:iron_pickaxe":31,"biomesoplenty:jacaranda_boat":1,"minecraft:barrel":5,"minecraft:stone_axe":130,"minecraft:stone_bricks":1,"minecraft:purple_bed":1,"minecraft:cooked_cod":1,"minecraft:furnace":2,"minecraft:cooked_porkchop":2,"alexsmobs:animal_dictionary":3}},"DataVersion":3465}