{"stats":{"minecraft:crafted":{"minecraft:cooked_cod":4,"minecraft:crafting_table":1,"minecraft:stick":12,"minecraft:wooden_pickaxe":1,"minecraft:birch_boat":1,"minecraft:stone_pickaxe":1,"minecraft:wooden_axe":1,"minecraft:stone_sword":1,"minecraft:birch_planks":28,"minecraft:stone_axe":1},"minecraft:mined":{"biomesoplenty:jacaranda_leaves":58,"biomesoplenty:jacaranda_log":40,"minecraft:birch_log":7,"minecraft:crafting_table":3,"biomesoplenty:sea_oats":2,"minecraft:grass":2,"minecraft:coal_ore":2,"minecraft:stone":22},"minecraft:picked_up":{"minecraft:birch_log":7,"minecraft:crafting_table":3,"biomesoplenty:jacaranda_sapling":4,"biomesoplenty:jacaranda_log":37,"minecraft:oak_sapling":1,"minecraft:coal":2,"minecraft:cod":4,"alexsmobs:flying_fish":1,"minecraft:cobblestone":20},"minecraft:custom":{"minecraft:time_since_rest":14979,"minecraft:waystone_activated":1,"minecraft:interact_with_furnace":2,"minecraft:sprint_one_cm":27449,"minecraft:damage_taken":80,"minecraft:walk_one_cm":26932,"minecraft:mob_kills":7,"vampirism:interact_with_totem":1,"minecraft:damage_dealt":240,"minecraft:interact_with_crafting_table":7,"minecraft:talked_to_villager":8,"minecraft:fly_one_cm":5276,"minecraft:open_barrel":4,"minecraft:open_chest":9,"minecraft:crouch_one_cm":110,"minecraft:play_time":14979,"minecraft:sneak_time":157,"minecraft:walk_under_water_one_cm":15612,"minecraft:boat_one_cm":52470,"minecraft:jump":80,"minecraft:time_since_death":14979,"minecraft:walk_on_water_one_cm":3839,"minecraft:total_world_time":14979,"minecraft:fall_one_cm":2519},"minecraft:killed":{"minecraft:cod":6,"alexsmobs:flying_fish":1},"minecraft:used":{"minecraft:wooden_axe":3,"minecraft:writable_book":1,"minecraft:stone_sword":10,"minecraft:birch_planks":7,"minecraft:stone_pickaxe":1,"minecraft:wooden_pickaxe":39,"minecraft:birch_boat":1,"minecraft:stone_axe":84,"minecraft:crafting_table":4,"alexsmobs:animal_dictionary":2}},"DataVersion":3465}