{"stats":{"minecraft:crafted":{"minecraft:oak_planks":12,"minecraft:birch_boat":1,"minecraft:furnace":4,"evilcraft:dark_block":7,"minecraft:stone_pickaxe":1,"biomesoplenty:jacaranda_door":3,"minecraft:redstone_block":22,"minecraft:cooked_beef":3,"minecraft:cooked_cod":4,"biomesoplenty:jacaranda_planks":136,"minecraft:cooked_porkchop":2,"biomesoplenty:jacaranda_boat":1,"minecraft:crafting_table":4,"minecraft:wooden_pickaxe":1,"minecraft:iron_sword":1,"minecraft:birch_planks":28,"minecraft:stone_axe":1,"minecraft:iron_chestplate":1,"minecraft:diamond_pickaxe":1,"minecraft:stick":20,"minecraft:iron_ingot":40,"minecraft:iron_pickaxe":1,"minecraft:wooden_axe":1,"minecraft:stone_sword":1,"minecraft:torch":4,"minecraft:lapis_block":12},"minecraft:mined":{"minecraft:large_amethyst_bud":1,"minecraft:tuff":11,"minecraft:deepslate_diamond_ore":8,"minecraft:jack_o_lantern":1,"minecraft:carved_pumpkin":1,"minecraft:glow_lichen":1,"minecraft:cave_vines_plant":1,"minecraft:granite":1,"minecraft:spruce_leaves":5,"minecraft:magma_block":6,"biomesoplenty:jacaranda_log":42,"minecraft:redstone_ore":12,"biomesoplenty:toadstool":2,"minecraft:iron_ore":40,"minecraft:andesite":2,"minecraft:pumpkin":6,"evilcraft:dark_ore":10,"minecraft:deepslate_lapis_ore":9,"biomesoplenty:sea_oats":3,"minecraft:mossy_stone_brick_stairs":1,"minecraft:deepslate_iron_ore":71,"minecraft:rail":93,"biomesoplenty:webbing":3,"minecraft:stone":236,"biomesoplenty:jacaranda_leaves":97,"minecraft:deepslate_redstone_ore":33,"biomesoplenty:glowworm_silk":1,"minecraft:kelp_plant":2,"minecraft:medium_amethyst_bud":1,"minecraft:amethyst_cluster":4,"minecraft:crafting_table":7,"minecraft:torch":3,"minecraft:calcite":12,"minecraft:dead_bush":1,"minecraft:lapis_ore":6,"biomesoplenty:sprout":1,"minecraft:deepslate_gold_ore":11,"minecraft:wall_torch":9,"minecraft:amethyst_block":8,"minecraft:skeleton_skull":1,"minecraft:seagrass":1,"minecraft:purple_bed":1,"biomesoplenty:glowworm_silk_strand":1,"minecraft:birch_log":7,"evilcraft:dark_ore_deepslate":5,"minecraft:grass":2,"minecraft:coal_ore":27,"minecraft:oak_log":2,"minecraft:stripped_birch_wood":1,"biomesoplenty:stringy_cobweb":1,"minecraft:cobweb":60,"minecraft:smooth_basalt":5,"minecraft:stone_bricks":1,"minecraft:netherrack":13,"minecraft:deepslate":34},"minecraft:broken":{"minecraft:stone_sword":1,"minecraft:iron_pickaxe":1},"minecraft:killed_by":{"minecraft:player":1},"minecraft:dropped":{"minecraft:iron_sword":1,"minecraft:oak_log":1,"minecraft:stripped_birch_wood":1,"minecraft:cobblestone":5,"biomesoplenty:jacaranda_planks":1,"biomesoplenty:toadstool":2,"minecraft:stone_axe":1,"minecraft:kelp":3,"vampirism:obi_belt":1,"minecraft:rotten_flesh":3,"vampirism:blood_bottle":2,"minecraft:arrow":1,"minecraft:netherrack":8},"minecraft:picked_up":{"minecraft:crafting_table":7,"biomesoplenty:jacaranda_sapling":8,"minecraft:amethyst_block":8,"minecraft:string":61,"minecraft:cobbled_deepslate":34,"minecraft:beef":4,"minecraft:calcite":11,"minecraft:raw_iron":109,"minecraft:stick":5,"minecraft:torch":13,"minecraft:porkchop":2,"tombstone:grave_dust":2,"minecraft:redstone":204,"minecraft:arrow":1,"vampirism:blood_bottle":5,"minecraft:rotten_flesh":4,"biomesoplenty:jacaranda_log":42,"minecraft:tropical_fish":1,"minecraft:carved_pumpkin":1,"minecraft:skeleton_skull":1,"minecraft:stripped_birch_wood":1,"minecraft:glow_berries":1,"minecraft:mutton":1,"minecraft:white_wool":1,"alexsmobs:flying_fish":1,"minecraft:cod":4,"alexsmobs:lobster_tail":1,"minecraft:rail":91,"minecraft:cobblestone":226,"minecraft:birch_log":7,"minecraft:magma_block":6,"vampirism:vampire_blood_bottle":1,"minecraft:andesite":2,"minecraft:leather":1,"minecraft:oak_log":4,"minecraft:tuff":10,"minecraft:lapis_lazuli":99,"minecraft:bone":3,"minecraft:stone_bricks":1,"minecraft:kelp":3,"minecraft:bow":1,"minecraft:raw_gold":11,"minecraft:iron_sword":1,"minecraft:mossy_stone_brick_stairs":1,"biomesoplenty:toadstool":2,"minecraft:smooth_basalt":8,"minecraft:birch_boat":1,"minecraft:pumpkin":6,"minecraft:amethyst_shard":16,"minecraft:spider_eye":2,"minecraft:purple_bed":1,"minecraft:diamond":8,"evilcraft:dark_gem":62,"alexsmobs:maggot":1,"minecraft:oak_sapling":1,"minecraft:jack_o_lantern":1,"minecraft:netherrack":8,"minecraft:coal":27},"minecraft:custom":{"minecraft:mob_kills":34,"minecraft:interact_with_crafting_table":30,"minecraft:open_barrel":20,"minecraft:damage_dealt_resisted":711,"minecraft:leave_game":2,"minecraft:time_since_death":25383,"minecraft:climb_one_cm":4704,"vampirism:amount_bitten":34,"minecraft:sprint_one_cm":223325,"minecraft:walk_one_cm":756175,"vampirism:interact_with_totem":1,"minecraft:drop":15,"vampirism:skills_unlocked":3,"minecraft:talked_to_villager":14,"minecraft:play_time":140572,"minecraft:deaths":2,"minecraft:sneak_time":2342,"minecraft:walk_under_water_one_cm":53295,"minecraft:boat_one_cm":280485,"minecraft:jump":1396,"minecraft:interact_with_brewingstand":1,"minecraft:interact_with_blast_furnace":1,"minecraft:walk_on_water_one_cm":37866,"minecraft:total_world_time":140572,"vampirism:blood_drunk":7500,"minecraft:interact_with_furnace":19,"minecraft:interact_with_cartography_table":1,"minecraft:interact_with_grindstone":1,"minecraft:time_since_rest":25229,"vampirism:resurrected":2,"minecraft:waystone_activated":1,"minecraft:damage_taken":100872,"minecraft:damage_dealt":6375,"minecraft:swim_one_cm":85,"minecraft:fly_one_cm":31887,"minecraft:open_chest":44,"minecraft:crouch_one_cm":4724,"tombstone:undead_killed":7,"minecraft:fall_one_cm":12724},"minecraft:killed":{"vampirism:vampire":2,"alexsmobs:lobster":1,"vampirism:advanced_vampire":2,"minecraft:spider":6,"minecraft:cod":6,"minecraft:skeleton":4,"alexsmobs:flying_fish":1,"minecraft:pig":1,"vampirism:hunter":1,"minecraft:sheep":1,"alexsmobs:cockroach":2,"minecraft:zombie":3,"alexsmobs:fly":1,"minecraft:cow":2},"minecraft:used":{"minecraft:writable_book":1,"minecraft:stone_sword":99,"minecraft:iron_sword":104,"minecraft:iron_chestplate":1,"minecraft:torch":16,"minecraft:mutton":1,"minecraft:tuff":10,"minecraft:wooden_axe":3,"minecraft:barrel":5,"minecraft:stone_bricks":1,"minecraft:smooth_basalt":8,"minecraft:furnace":4,"minecraft:cooked_cod":4,"tombstone:gift":2,"minecraft:cobbled_deepslate":34,"minecraft:calcite":11,"biomesoplenty:jacaranda_door":3,"minecraft:water_bucket":7,"minecraft:amethyst_block":8,"minecraft:birch_planks":7,"minecraft:stone_pickaxe":57,"minecraft:birch_boat":2,"minecraft:wooden_pickaxe":39,"minecraft:mossy_stone_brick_stairs":1,"minecraft:crafting_table":11,"biomesoplenty:jacaranda_planks":83,"minecraft:diamond_pickaxe":348,"minecraft:bread":13,"minecraft:iron_pickaxe":251,"biomesoplenty:jacaranda_boat":1,"minecraft:stone_axe":130,"minecraft:cobblestone":143,"minecraft:purple_bed":1,"minecraft:cooked_porkchop":2,"minecraft:bucket":6,"alexsmobs:animal_dictionary":4}},"DataVersion":3465}