{"stats":{"minecraft:crafted":{"minecraft:cooked_cod":4,"biomesoplenty:jacaranda_planks":12,"biomesoplenty:jacaranda_boat":1,"minecraft:crafting_table":1,"minecraft:birch_boat":1,"minecraft:wooden_pickaxe":1,"minecraft:furnace":1,"minecraft:birch_planks":28,"minecraft:stone_axe":1,"minecraft:stick":12,"minecraft:stone_pickaxe":1,"minecraft:wooden_axe":1,"minecraft:stone_sword":1,"biomesoplenty:jacaranda_door":3},"minecraft:mined":{"biomesoplenty:jacaranda_leaves":97,"minecraft:kelp_plant":2,"minecraft:jack_o_lantern":1,"minecraft:carved_pumpkin":1,"minecraft:crafting_table":6,"biomesoplenty:sprout":1,"minecraft:seagrass":1,"biomesoplenty:jacaranda_log":42,"minecraft:magma_block":6,"biomesoplenty:toadstool":2,"minecraft:birch_log":7,"minecraft:pumpkin":6,"biomesoplenty:sea_oats":3,"minecraft:grass":2,"minecraft:mossy_stone_brick_stairs":1,"minecraft:coal_ore":2,"minecraft:stone":22,"minecraft:stone_bricks":1,"minecraft:netherrack":13},"minecraft:dropped":{"minecraft:stone_axe":1,"minecraft:kelp":3,"minecraft:cobblestone":4,"biomesoplenty:jacaranda_planks":1,"minecraft:netherrack":8},"minecraft:picked_up":{"minecraft:birch_log":7,"minecraft:magma_block":6,"minecraft:crafting_table":6,"biomesoplenty:jacaranda_sapling":8,"minecraft:oak_log":2,"minecraft:bone":1,"minecraft:stone_bricks":1,"minecraft:kelp":3,"minecraft:bow":1,"minecraft:beef":3,"minecraft:mossy_stone_brick_stairs":1,"biomesoplenty:toadstool":2,"minecraft:stick":3,"minecraft:birch_boat":1,"minecraft:pumpkin":6,"minecraft:porkchop":2,"minecraft:rotten_flesh":1,"biomesoplenty:jacaranda_log":42,"minecraft:carved_pumpkin":1,"minecraft:jack_o_lantern":1,"minecraft:oak_sapling":1,"minecraft:netherrack":8,"minecraft:mutton":1,"minecraft:white_wool":1,"minecraft:cod":4,"minecraft:coal":2,"alexsmobs:flying_fish":1,"alexsmobs:lobster_tail":1,"minecraft:cobblestone":20},"minecraft:custom":{"minecraft:interact_with_furnace":3,"minecraft:mob_kills":14,"minecraft:interact_with_crafting_table":11,"minecraft:open_barrel":4,"minecraft:time_since_death":26979,"minecraft:time_since_rest":26979,"minecraft:waystone_activated":1,"minecraft:sprint_one_cm":58901,"minecraft:damage_taken":435,"minecraft:walk_one_cm":57304,"minecraft:drop":5,"vampirism:interact_with_totem":1,"minecraft:damage_dealt":1582,"minecraft:talked_to_villager":8,"minecraft:fly_one_cm":10357,"minecraft:open_chest":9,"minecraft:crouch_one_cm":113,"minecraft:play_time":26979,"tombstone:undead_killed":3,"minecraft:sneak_time":422,"minecraft:walk_under_water_one_cm":36456,"minecraft:boat_one_cm":107460,"minecraft:jump":131,"minecraft:walk_on_water_one_cm":8358,"minecraft:total_world_time":26979,"minecraft:fall_one_cm":3630},"minecraft:killed":{"alexsmobs:lobster":1,"minecraft:pig":1,"minecraft:cod":6,"minecraft:sheep":1,"minecraft:skeleton":2,"minecraft:zombie":1,"alexsmobs:flying_fish":1,"minecraft:cow":1},"minecraft:used":{"biomesoplenty:jacaranda_door":2,"minecraft:writable_book":1,"minecraft:stone_sword":43,"minecraft:birch_planks":7,"minecraft:stone_pickaxe":32,"minecraft:mossy_stone_brick_stairs":1,"minecraft:birch_boat":1,"minecraft:wooden_pickaxe":39,"minecraft:crafting_table":7,"minecraft:wooden_axe":3,"minecraft:bread":6,"biomesoplenty:jacaranda_boat":1,"minecraft:stone_axe":130,"minecraft:stone_bricks":1,"minecraft:furnace":1,"alexsmobs:animal_dictionary":2}},"DataVersion":3465}