{"stats":{"minecraft:crafted":{"minecraft:cooked_cod":4,"minecraft:oak_planks":4,"biomesoplenty:jacaranda_planks":20,"minecraft:cooked_porkchop":2,"biomesoplenty:jacaranda_boat":1,"minecraft:crafting_table":2,"minecraft:birch_boat":1,"minecraft:wooden_pickaxe":1,"minecraft:iron_sword":1,"minecraft:furnace":2,"minecraft:birch_planks":28,"minecraft:stone_axe":1,"minecraft:iron_chestplate":1,"minecraft:stick":16,"minecraft:iron_pickaxe":1,"minecraft:iron_ingot":15,"minecraft:stone_pickaxe":1,"minecraft:wooden_axe":1,"minecraft:stone_sword":1,"biomesoplenty:jacaranda_door":3,"minecraft:torch":4},"minecraft:mined":{"minecraft:deepslate_redstone_ore":6,"minecraft:large_amethyst_bud":1,"biomesoplenty:jacaranda_leaves":97,"minecraft:tuff":10,"minecraft:kelp_plant":2,"minecraft:medium_amethyst_bud":1,"minecraft:amethyst_cluster":2,"minecraft:jack_o_lantern":1,"minecraft:carved_pumpkin":1,"minecraft:crafting_table":6,"minecraft:torch":1,"minecraft:calcite":12,"minecraft:spruce_leaves":1,"biomesoplenty:sprout":1,"minecraft:deepslate_gold_ore":11,"minecraft:wall_torch":8,"minecraft:amethyst_block":8,"minecraft:redstone_ore":7,"minecraft:seagrass":1,"minecraft:purple_bed":1,"biomesoplenty:jacaranda_log":42,"minecraft:magma_block":6,"evilcraft:dark_ore_deepslate":1,"biomesoplenty:toadstool":2,"minecraft:birch_log":7,"minecraft:iron_ore":17,"minecraft:pumpkin":6,"minecraft:deepslate_lapis_ore":3,"biomesoplenty:sea_oats":3,"minecraft:grass":2,"minecraft:mossy_stone_brick_stairs":1,"minecraft:deepslate_iron_ore":6,"minecraft:coal_ore":3,"minecraft:rail":85,"minecraft:cobweb":52,"minecraft:smooth_basalt":5,"minecraft:deepslate":26,"minecraft:stone":35,"minecraft:stone_bricks":1,"minecraft:netherrack":13},"minecraft:broken":{"minecraft:stone_sword":1},"minecraft:dropped":{"minecraft:iron_sword":1,"minecraft:stone_axe":1,"minecraft:kelp":3,"minecraft:cobblestone":4,"biomesoplenty:jacaranda_planks":1,"minecraft:netherrack":8},"minecraft:picked_up":{"minecraft:birch_log":7,"minecraft:magma_block":6,"minecraft:crafting_table":6,"vampirism:vampire_blood_bottle":1,"biomesoplenty:jacaranda_sapling":8,"minecraft:tuff":10,"minecraft:oak_log":2,"minecraft:lapis_lazuli":23,"minecraft:amethyst_block":8,"minecraft:string":50,"minecraft:bone":3,"minecraft:stone_bricks":1,"minecraft:kelp":3,"minecraft:bow":1,"minecraft:cobbled_deepslate":30,"minecraft:raw_gold":11,"minecraft:beef":3,"minecraft:calcite":11,"minecraft:iron_sword":1,"minecraft:mossy_stone_brick_stairs":1,"minecraft:smooth_basalt":8,"minecraft:raw_iron":23,"biomesoplenty:toadstool":2,"minecraft:stick":3,"minecraft:birch_boat":1,"minecraft:pumpkin":6,"minecraft:torch":9,"minecraft:porkchop":2,"minecraft:amethyst_shard":8,"tombstone:grave_dust":2,"minecraft:redstone":61,"vampirism:blood_bottle":1,"minecraft:arrow":1,"minecraft:purple_bed":1,"minecraft:rotten_flesh":4,"biomesoplenty:jacaranda_log":42,"minecraft:tropical_fish":1,"evilcraft:dark_gem":4,"minecraft:carved_pumpkin":1,"minecraft:rail":83,"minecraft:jack_o_lantern":1,"minecraft:oak_sapling":1,"minecraft:netherrack":8,"minecraft:mutton":1,"minecraft:white_wool":1,"minecraft:cod":4,"minecraft:coal":3,"alexsmobs:flying_fish":1,"alexsmobs:lobster_tail":1,"minecraft:cobblestone":34},"minecraft:custom":{"minecraft:interact_with_furnace":14,"minecraft:mob_kills":23,"minecraft:interact_with_cartography_table":1,"minecraft:interact_with_crafting_table":23,"minecraft:open_barrel":15,"minecraft:damage_dealt_resisted":711,"minecraft:time_since_death":56979,"minecraft:climb_one_cm":522,"minecraft:time_since_rest":56979,"minecraft:waystone_activated":1,"minecraft:sprint_one_cm":104183,"minecraft:damage_taken":1123,"minecraft:walk_one_cm":226768,"minecraft:drop":6,"vampirism:interact_with_totem":1,"vampirism:skills_unlocked":1,"minecraft:damage_dealt":4835,"minecraft:talked_to_villager":13,"minecraft:fly_one_cm":14765,"minecraft:open_chest":10,"minecraft:crouch_one_cm":1857,"minecraft:play_time":56979,"tombstone:undead_killed":7,"minecraft:sneak_time":1340,"minecraft:walk_under_water_one_cm":42012,"minecraft:boat_one_cm":128520,"minecraft:jump":366,"vampirism:blood_drunk":300,"minecraft:walk_on_water_one_cm":14793,"minecraft:total_world_time":56979,"minecraft:fall_one_cm":6085},"minecraft:killed":{"vampirism:vampire":2,"alexsmobs:lobster":1,"minecraft:pig":1,"vampirism:advanced_vampire":2,"minecraft:cod":6,"minecraft:sheep":1,"minecraft:skeleton":4,"minecraft:zombie":3,"alexsmobs:flying_fish":1,"minecraft:cow":1},"minecraft:used":{"minecraft:calcite":11,"biomesoplenty:jacaranda_door":3,"minecraft:amethyst_block":8,"minecraft:writable_book":1,"minecraft:stone_sword":99,"minecraft:birch_planks":7,"minecraft:stone_pickaxe":57,"minecraft:mossy_stone_brick_stairs":1,"minecraft:birch_boat":2,"minecraft:wooden_pickaxe":39,"minecraft:iron_sword":55,"minecraft:torch":12,"minecraft:mutton":1,"minecraft:crafting_table":8,"minecraft:tuff":10,"minecraft:wooden_axe":3,"minecraft:bread":13,"minecraft:iron_pickaxe":191,"biomesoplenty:jacaranda_boat":1,"minecraft:smooth_basalt":8,"minecraft:barrel":5,"minecraft:stone_axe":130,"minecraft:stone_bricks":1,"minecraft:cobblestone":1,"minecraft:purple_bed":1,"minecraft:cooked_cod":1,"minecraft:furnace":2,"minecraft:cooked_porkchop":2,"minecraft:cobbled_deepslate":28,"alexsmobs:animal_dictionary":3}},"DataVersion":3465}