{"stats":{"minecraft:picked_up":{"minecraft:wheat":570,"minecraft:redstone_block":4,"minecraft:smithing_table":1,"minecraft:gilded_blackstone":1,"minecraft:brewing_stand":1,"minecraft:amethyst_block":16,"minecraft:polished_blackstone_brick_stairs":4,"minecraft:string":79,"minecraft:raw_copper":27,"minecraft:sticky_piston":2,"vampirism:obi_belt":2,"biomesoplenty:brimstone":1,"alexsmobs:dropbear_claw":2,"minecraft:diamond_leggings":1,"minecraft:gold_nugget":231,"minecraft:cobbled_deepslate":319,"minecraft:white_tulip":4,"minecraft:rose_bush":81,"minecraft:written_book":1,"minecraft:calcite":14,"alexsmobs:raccoon_tail":1,"minecraft:stick":83,"minecraft:torch":17,"minecraft:porkchop":2,"vampirism:holy_water_bottle_enhanced":1,"tombstone:grave_dust":6,"minecraft:diorite":12,"minecraft:stone_sword":1,"vampirism:blood_bottle":14,"minecraft:rotten_flesh":7,"minecraft:tropical_fish":1,"sophisticatedbackpacks:advanced_compacting_upgrade":1,"minecraft:red_tulip":4,"minecraft:carved_pumpkin":1,"minecraft:stripped_birch_wood":1,"minecraft:obsidian":70,"minecraft:cod":4,"alexsmobs:lobster_tail":1,"alexsmobs:flying_fish":1,"minecraft:cobblestone":682,"minecraft:birch_log":12,"minecraft:magma_block":6,"minecraft:andesite":70,"minecraft:flint":2,"minecraft:tuff":11,"minecraft:lapis_lazuli":151,"minecraft:dirt":1032,"minecraft:bone":13,"minecraft:bow":2,"minecraft:wheat_seeds":1489,"minecraft:orange_tulip":1,"minecraft:raw_gold":18,"minecraft:diamond_helmet":1,"evilcraft:dark_ore":5,"minecraft:oak_planks":2,"minecraft:mossy_stone_brick_stairs":1,"biomesoplenty:toadstool":2,"minecraft:ghast_tear":2,"minecraft:chiseled_polished_blackstone":1,"minecraft:jungle_planks":4,"minecraft:sand":7,"minecraft:nether_brick_stairs":2,"minecraft:dead_bush":2,"minecraft:grass_block":11,"minecraft:lily_of_the_valley":3,"minecraft:dark_oak_log":2,"minecraft:polished_andesite":9,"minecraft:diamond":22,"minecraft:cracked_polished_blackstone_bricks":4,"minecraft:granite":36,"minecraft:bone_meal":51,"minecraft:emerald":1,"alexsmobs:maggot":1,"minecraft:jack_o_lantern":1,"minecraft:oak_sapling":23,"minecraft:netherrack":1001,"biomesoplenty:stripped_jacaranda_log":1,"minecraft:diamond_pickaxe":1,"minecraft:crafting_table":10,"minecraft:azure_bluet":1,"minecraft:nether_wart":65,"minecraft:gold_block":20,"biomesoplenty:jacaranda_sapling":126,"biomesoplenty:jacaranda_fence_gate":2,"biomesoplenty:jacaranda_fence":24,"evilcraft:poison_sac":2,"minecraft:blackstone":27,"biomesoplenty:jacaranda_slab":97,"minecraft:beef":13,"minecraft:oak_boat":8,"minecraft:poppy":4,"minecraft:tinted_glass":4,"minecraft:chest":1,"minecraft:phantom_membrane":1,"minecraft:egg":1,"minecraft:copper_ore":1,"minecraft:raw_iron":135,"minecraft:stone":13,"minecraft:music_disc_mellohi":1,"minecraft:polished_blackstone_bricks":8,"minecraft:redstone":233,"minecraft:dark_oak_planks":1,"minecraft:arrow":7,"minecraft:diamond_chestplate":1,"biomesoplenty:jacaranda_log":225,"biomesoplenty:jacaranda_stairs":5,"minecraft:nether_bricks":32,"minecraft:deepslate_bricks":9,"minecraft:diamond_boots":1,"minecraft:pink_tulip":4,"minecraft:polished_blackstone":4,"minecraft:black_banner":1,"minecraft:glow_berries":1,"minecraft:mutton":59,"minecraft:nether_brick_wall":1,"minecraft:rail":91,"minecraft:bone_block":59,"minecraft:skeleton_skull":1,"minecraft:white_wool":48,"minecraft:air":0,"minecraft:mud_bricks":1,"vampirism:vampire_blood_bottle":2,"minecraft:basalt":2,"vampirism:item_tent":2,"minecraft:glow_ink_sac":5,"minecraft:leather":38,"alexsmobs:skreecher_soul":1,"minecraft:oak_log":29,"minecraft:ancient_debris":9,"biomesoplenty:jacaranda_planks":1,"minecraft:gunpowder":3,"minecraft:white_banner":1,"minecraft:coast_armor_trim_smithing_template":1,"minecraft:apple":2,"minecraft:stone_bricks":1,"minecraft:kelp":3,"minecraft:iron_ingot":13,"minecraft:iron_ore":1,"minecraft:glass_bottle":102,"minecraft:polished_andesite_slab":8,"minecraft:iron_sword":2,"minecraft:soul_sand":47,"minecraft:smooth_basalt":11,"minecraft:birch_boat":2,"minecraft:pumpkin":63,"minecraft:quartz":44,"minecraft:dandelion":6,"minecraft:gravel":15,"minecraft:amethyst_shard":32,"minecraft:spruce_sapling":1,"minecraft:spruce_log":10,"minecraft:spider_eye":4,"biomesoplenty:maple_sapling":2,"minecraft:coal_ore":18,"minecraft:purple_bed":1,"minecraft:gray_banner":1,"evilcraft:dark_gem":330,"minecraft:diamond_axe":3,"minecraft:warped_nylium":1,"minecraft:coal":135,"vampirism:coffin_white":1,"minecraft:ender_pearl":14},"minecraft:custom":{"minecraft:animals_bred":31,"minecraft:interact_with_crafting_table":91,"minecraft:open_barrel":28,"minecraft:bell_ring":1,"minecraft:leave_game":6,"minecraft:time_since_death":4266,"minecraft:damage_resisted":454,"minecraft:sprint_one_cm":1186103,"vampirism:interact_with_coffin":20,"minecraft:drop":100,"vampirism:interact_with_totem":1,"minecraft:play_noteblock":2,"minecraft:talked_to_villager":20,"minecraft:play_time":673172,"minecraft:deaths":7,"minecraft:jump":3791,"minecraft:interact_with_brewingstand":1,"vampirism:interact_with_blood_grinder":3,"minecraft:walk_on_water_one_cm":72961,"vampirism:altar_of_inspiration_rituals_performed":7,"minecraft:interact_with_furnace":71,"minecraft:interact_with_cartography_table":1,"vampirism:action_used_bat":130,"minecraft:sleep_in_bed":10,"vampirism:actions_used":130,"minecraft:waystone_activated":3,"minecraft:open_enderchest":2,"minecraft:damage_dealt":28406,"minecraft:crouch_one_cm":71955,"tombstone:undead_killed":20,"minecraft:interact_with_smithing_table":4,"minecraft:mob_kills":157,"vampirism:action_time_bat":62671,"minecraft:damage_dealt_resisted":953,"minecraft:climb_one_cm":9946,"vampirism:amount_bitten":713,"minecraft:walk_one_cm":2895472,"vampirism:skills_unlocked":26,"vampirism:interact_with_altar_inspiration":46,"minecraft:sneak_time":20716,"minecraft:walk_under_water_one_cm":131637,"minecraft:boat_one_cm":1051932,"minecraft:interact_with_blast_furnace":2,"minecraft:total_world_time":673172,"vampirism:blood_drunk":159700,"tombstone:raider_killed":5,"minecraft:interact_with_grindstone":1,"minecraft:interact_with_stonecutter":3,"minecraft:time_since_rest":4200,"vampirism:resurrected":16,"minecraft:damage_taken":111008,"tombstone:cast_on_ally":0,"minecraft:swim_one_cm":85,"minecraft:fly_one_cm":2084311,"minecraft:open_chest":258,"minecraft:fall_one_cm":71556},"minecraft:killed_by":{"minecraft:player":1},"minecraft:dropped":{"minecraft:iron_sword":2,"minecraft:diamond_axe":4,"minecraft:oak_log":1,"minecraft:glass_bottle":40,"minecraft:ender_pearl":13,"minecraft:stripped_birch_wood":1,"sophisticatedbackpacks:advanced_compacting_upgrade":1,"minecraft:flint":4,"minecraft:coast_armor_trim_smithing_template":2,"minecraft:amethyst_shard":16,"minecraft:sand":2,"minecraft:dark_oak_boat":1,"minecraft:gold_ingot":47,"biomesoplenty:toadstool":2,"minecraft:stone_axe":1,"minecraft:tinted_glass":2,"minecraft:cobbled_deepslate":122,"minecraft:wheat":108,"minecraft:rotten_flesh":3,"vampirism:blood_bottle":11,"evilcraft:poison_sac":1,"minecraft:deepslate_tiles":1,"minecraft:arrow":1,"minecraft:netherrack":648,"minecraft:cobblestone":10,"minecraft:amethyst_block":4,"biomesoplenty:jacaranda_planks":193,"minecraft:coal":2,"minecraft:stick":5,"minecraft:diorite":1,"minecraft:potion":1,"tombstone:grave_dust":3,"minecraft:paper":4,"minecraft:bucket":1,"minecraft:redstone":6,"minecraft:kelp":3,"minecraft:netherite_ingot":4,"biomesoplenty:jacaranda_fence_gate":1,"minecraft:nether_wart":1,"minecraft:blaze_rod":4,"vampirism:obi_belt":3,"minecraft:shears":1,"minecraft:blast_furnace":1,"minecraft:diamond_pickaxe":1},"minecraft:mined":{"minecraft:dark_oak_planks":1,"minecraft:large_amethyst_bud":1,"minecraft:farmland":1,"biomesoplenty:brimstone":1,"minecraft:brewing_stand":1,"minecraft:carved_pumpkin":1,"minecraft:cave_vines_plant":1,"minecraft:granite":5,"minecraft:grass_block":856,"biomesoplenty:eyebulb":1,"biomesoplenty:jacaranda_stairs":5,"minecraft:mud_bricks":5,"minecraft:nether_wart":66,"minecraft:spawner":5,"minecraft:polished_blackstone_bricks":2,"minecraft:magma_block":6,"minecraft:iron_ore":41,"minecraft:sticky_piston":2,"minecraft:pumpkin":64,"minecraft:deepslate_lapis_ore":11,"vampirism:tent":2,"minecraft:azure_bluet":2,"minecraft:dark_oak_stairs":1,"minecraft:red_tulip":2,"biomesoplenty:webbing":3,"minecraft:pink_tulip":4,"minecraft:waxed_cut_copper":2,"biomesoplenty:jacaranda_leaves":1958,"minecraft:deepslate_redstone_ore":35,"biomesoplenty:glowworm_silk":1,"minecraft:amethyst_cluster":8,"minecraft:medium_amethyst_bud":1,"minecraft:kelp_plant":2,"biomesoplenty:jacaranda_planks":1,"biomesoplenty:jacaranda_slab":104,"minecraft:torch":4,"minecraft:calcite":15,"minecraft:poppy":3,"minecraft:chest":1,"minecraft:dead_bush":1,"minecraft:cobblestone":6,"minecraft:wall_torch":11,"minecraft:amethyst_block":12,"minecraft:skeleton_skull":1,"minecraft:seagrass":1,"biomesoplenty:glowworm_silk_strand":1,"minecraft:tinted_glass":2,"evilcraft:dark_ore_deepslate":35,"minecraft:birch_log":12,"minecraft:wheat":551,"minecraft:orange_tulip":1,"minecraft:grass":146,"minecraft:oak_log":27,"minecraft:sand":6,"minecraft:dirt":230,"minecraft:stripped_birch_wood":1,"minecraft:smooth_basalt":8,"minecraft:netherrack":13,"minecraft:oak_leaves":421,"minecraft:deepslate":38,"minecraft:tuff":11,"minecraft:deepslate_diamond_ore":18,"minecraft:dark_oak_log":2,"minecraft:jack_o_lantern":1,"biomesoplenty:jacaranda_fence":5,"minecraft:glow_lichen":2,"minecraft:jungle_planks":4,"minecraft:polished_andesite_slab":7,"minecraft:spruce_leaves":84,"biomesoplenty:jacaranda_sapling":6,"biomesoplenty:tundra_shrub":4,"biomesoplenty:jacaranda_log":225,"minecraft:redstone_ore":12,"biomesoplenty:toadstool":2,"minecraft:andesite":3,"evilcraft:dark_ore":43,"minecraft:gold_block":1,"biomesoplenty:sea_oats":3,"minecraft:mossy_stone_brick_stairs":1,"minecraft:deepslate_iron_ore":71,"minecraft:rail":93,"minecraft:stone":266,"minecraft:white_tulip":1,"minecraft:bone_block":61,"minecraft:smithing_table":1,"minecraft:soul_sand":52,"minecraft:lily_of_the_valley":2,"minecraft:warped_fence":1,"minecraft:dandelion":5,"minecraft:crafting_table":10,"minecraft:honey_block":1,"minecraft:emerald_ore":1,"minecraft:rose_bush":84,"vampirism:coffin_white":1,"biomesoplenty:stripped_jacaranda_log":1,"minecraft:copper_ore":1,"minecraft:tall_grass":1,"minecraft:lapis_ore":6,"biomesoplenty:sprout":141,"minecraft:deepslate_gold_ore":11,"minecraft:diorite":1,"minecraft:purple_bed":1,"biomesoplenty:yellow_autumn_leaves":1,"minecraft:black_wall_banner":1,"minecraft:spruce_log":11,"minecraft:coal_ore":56,"minecraft:sunflower":2,"minecraft:gravel":16,"biomesoplenty:stringy_cobweb":1,"minecraft:cobweb":64,"minecraft:stone_bricks":1},"minecraft:used":{"minecraft:writable_book":1,"minecraft:ladder":28,"minecraft:diamond_hoe":2543,"vampirism:heart_striker_enhanced":47,"minecraft:chest":18,"minecraft:nether_wart":45,"minecraft:iron_sword":400,"minecraft:iron_chestplate":1,"hammers:diamond_hammer":474,"minecraft:lily_of_the_valley":1,"minecraft:soul_sand":47,"minecraft:mutton":1,"vampirism:coffin_white":4,"minecraft:tuff":10,"minecraft:obsidian":4,"minecraft:stone_bricks":1,"biomesoplenty:jacaranda_sapling":115,"minecraft:bow":4,"minecraft:furnace":4,"minecraft:cooked_cod":4,"minecraft:gray_banner":1,"biomesoplenty:jacaranda_fence":33,"minecraft:diorite":8,"minecraft:stone_pickaxe":57,"minecraft:wooden_pickaxe":39,"minecraft:mossy_stone_brick_stairs":1,"minecraft:redstone_block":12,"minecraft:diamond_axe":535,"minecraft:black_banner":1,"biomesoplenty:jacaranda_planks":244,"minecraft:deepslate_tiles":7,"minecraft:bread":13,"tombstone:grave_key":1,"biomesoplenty:jacaranda_boat":1,"minecraft:polished_andesite_slab":134,"minecraft:diamond_sword":168,"minecraft:smithing_table":1,"minecraft:oak_boat":13,"minecraft:bone_meal":456,"minecraft:stone_sword":99,"minecraft:netherrack":54,"minecraft:torch":59,"minecraft:dirt":897,"minecraft:golden_shovel":10,"biomesoplenty:jacaranda_slab":504,"minecraft:granite":3,"minecraft:wooden_axe":3,"minecraft:barrel":5,"minecraft:smooth_basalt":11,"biomesoplenty:jacaranda_stairs":25,"tombstone:gift":4,"minecraft:cobbled_deepslate":44,"minecraft:calcite":14,"tombstone:scroll_of_mercy":1,"tombstone:scroll_of_knowledge":1,"minecraft:wheat_seeds":723,"minecraft:water_bucket":27,"biomesoplenty:jacaranda_door":3,"minecraft:amethyst_block":8,"minecraft:glass_bottle":2,"minecraft:birch_planks":7,"minecraft:birch_boat":4,"minecraft:deepslate_bricks":1,"minecraft:polished_blackstone_bricks":2,"minecraft:crafting_table":18,"minecraft:diamond_pickaxe":617,"minecraft:diamond_shovel":1575,"minecraft:iron_pickaxe":251,"tombstone:magic_scroll":1,"minecraft:stone_axe":130,"minecraft:cobblestone":338,"minecraft:potion":1,"minecraft:purple_bed":1,"minecraft:white_banner":1,"minecraft:cooked_porkchop":2,"minecraft:bucket":26,"alexsmobs:animal_dictionary":5},"minecraft:crafted":{"minecraft:oak_planks":64,"hammers:diamond_hammer":1,"minecraft:dark_oak_boat":1,"minecraft:birch_boat":2,"minecraft:diamond_shovel":1,"sophisticatedbackpacks:crafting_upgrade":1,"minecraft:glass":385,"minecraft:diamond_leggings":1,"tombstone:grave_key":3,"minecraft:chest":19,"biomesoplenty:jacaranda_stairs":20,"minecraft:glass_bottle":12,"sophisticatedbackpacks:advanced_compacting_upgrade":1,"sophisticatedbackpacks:backpack":1,"biomesoplenty:jacaranda_planks":848,"minecraft:cooked_porkchop":2,"minecraft:diamond_axe":3,"minecraft:crafting_table":9,"minecraft:spruce_planks":152,"minecraft:wooden_pickaxe":1,"minecraft:birch_planks":48,"sophisticatedbackpacks:upgrade_base":5,"biomesoplenty:jacaranda_slab":420,"biomesoplenty:jacaranda_fence":3,"minecraft:iron_chestplate":1,"minecraft:diamond_pickaxe":2,"sophisticatedbackpacks:diamond_backpack":1,"minecraft:stick":108,"minecraft:iron_ingot":64,"minecraft:iron_pickaxe":1,"vampirism:coffin_white":3,"minecraft:iron_block":1,"minecraft:stone_sword":1,"minecraft:gold_ingot":2,"minecraft:netherite_ingot":4,"minecraft:shears":2,"sophisticatedbackpacks:stack_upgrade_tier_3":1,"minecraft:diamond_hoe":2,"sophisticatedbackpacks:stack_upgrade_tier_1":1,"minecraft:furnace":4,"minecraft:piston":4,"minecraft:bone_meal":501,"evilcraft:dark_block":7,"minecraft:diamond":9,"minecraft:ladder":33,"minecraft:stone_pickaxe":1,"biomesoplenty:jacaranda_door":3,"sophisticatedbackpacks:compacting_upgrade":1,"sophisticatedbackpacks:stack_upgrade_tier_2":1,"minecraft:redstone_block":22,"minecraft:netherite_scrap":19,"minecraft:dark_oak_planks":8,"sophisticatedbackpacks:iron_backpack":1,"minecraft:cooked_beef":3,"minecraft:cooked_cod":4,"minecraft:diamond_sword":1,"biomesoplenty:jacaranda_boat":1,"minecraft:iron_sword":1,"sophisticatedbackpacks:gold_backpack":1,"minecraft:bucket":5,"minecraft:stone_axe":1,"minecraft:air":0,"minecraft:oak_boat":5,"minecraft:wooden_axe":1,"minecraft:torch":44,"minecraft:lapis_block":12},"minecraft:killed":{"vampirism:vampire":3,"alexsmobs:lobster":1,"vampirism:advanced_vampire":4,"minecraft:spider":22,"minecraft:cod":6,"minecraft:skeleton":7,"vampirism:blinding_bat":1,"vampirism:advanced_hunter":1,"alexsmobs:straddler":3,"minecraft:illusioner":3,"minecraft:piglin_brute":4,"minecraft:magma_cube":15,"minecraft:piglin":1,"minecraft:pig":1,"alexsmobs:grizzly_bear":1,"minecraft:iron_golem":2,"alexsmobs:stradpole":1,"alexsmobs:crimson_mosquito":1,"vampirism:hunter":2,"minecraft:sheep":22,"minecraft:zombie":5,"minecraft:ghast":4,"alexsmobs:fly":1,"minecraft:cow":8,"alexsmobs:raccoon":1,"minecraft:phantom":2,"minecraft:horse":2,"alexsmobs:soul_vulture":1,"alexsmobs:skreecher":1,"alexsmobs:flying_fish":1,"evilcraft:poisonous_libelle":2,"alexsmobs:cockroach":3,"minecraft:wither_skeleton":5,"minecraft:enderman":10},"minecraft:broken":{"minecraft:iron_sword":1,"minecraft:golden_chestplate":1,"minecraft:diamond_hoe":1,"minecraft:stone_sword":1,"minecraft:iron_pickaxe":1}},"DataVersion":3465}