{"stats":{"minecraft:crafted":{"minecraft:birch_planks":28,"minecraft:crafting_table":1,"minecraft:stick":4,"minecraft:wooden_pickaxe":1,"minecraft:wooden_axe":1},"minecraft:mined":{"minecraft:coal_ore":1,"minecraft:birch_log":7,"minecraft:stone":22,"minecraft:crafting_table":1},"minecraft:picked_up":{"minecraft:birch_log":7,"minecraft:crafting_table":1,"minecraft:oak_sapling":1,"minecraft:coal":1,"minecraft:cobblestone":20},"minecraft:custom":{"minecraft:time_since_rest":2979,"minecraft:crouch_one_cm":95,"minecraft:play_time":2979,"minecraft:sprint_one_cm":1249,"minecraft:damage_taken":60,"minecraft:walk_one_cm":2838,"minecraft:sneak_time":88,"minecraft:jump":11,"minecraft:time_since_death":2979,"minecraft:total_world_time":2979,"minecraft:interact_with_crafting_table":2,"minecraft:fall_one_cm":1143,"minecraft:fly_one_cm":304},"minecraft:used":{"minecraft:wooden_axe":1,"minecraft:crafting_table":1,"alexsmobs:animal_dictionary":2,"minecraft:wooden_pickaxe":23}},"DataVersion":3465}