{"stats":{"minecraft:picked_up":{"minecraft:iron_chestplate":1,"minecraft:wheat":122,"minecraft:redstone_block":2,"minecraft:enchanted_book":1,"minecraft:gilded_blackstone":1,"minecraft:string":5,"minecraft:waxed_cut_copper_slab":1,"minecraft:iron_leggings":1,"minecraft:diamond_leggings":1,"minecraft:gold_nugget":3,"minecraft:cobbled_deepslate":3,"minecraft:bucket":1,"minecraft:spruce_planks":4,"minecraft:white_tulip":1,"minecraft:written_book":12,"minecraft:ender_eye":2,"minecraft:iron_pickaxe":2,"alexsmobs:raccoon_tail":2,"minecraft:iron_boots":1,"minecraft:furnace":2,"minecraft:golden_helmet":1,"biomesoplenty:rose_quartz_block":1,"minecraft:stick":6,"minecraft:torch":31,"minecraft:porkchop":2,"tombstone:grave_dust":2,"minecraft:pointed_dripstone":1,"minecraft:diorite":2,"minecraft:rotten_flesh":14,"biomesoplenty:rose_quartz_chunk":3,"minecraft:red_tulip":5,"minecraft:carved_pumpkin":2,"minecraft:obsidian":12,"alexsmobs:lobster_tail":1,"minecraft:cobblestone":157,"minecraft:birch_log":4,"minecraft:water_bucket":1,"minecraft:andesite":1,"minecraft:dark_oak_boat":1,"minecraft:flint":2,"minecraft:dirt":18,"minecraft:lapis_lazuli":18,"minecraft:bone":4,"minecraft:orange_tulip":3,"minecraft:wheat_seeds":11,"minecraft:raw_gold":6,"minecraft:diamond_helmet":1,"minecraft:black_terracotta":6,"minecraft:chiseled_polished_blackstone":1,"minecraft:ink_sac":2,"minecraft:diamond_block":8,"minecraft:lily_of_the_valley":2,"alexsmobs:animal_dictionary":1,"minecraft:cracked_polished_blackstone_bricks":33,"alexsmobs:banana_slug_slime":2,"minecraft:netherrack":73,"minecraft:waxed_oxidized_cut_copper":25,"minecraft:crafting_table":5,"minecraft:azure_bluet":2,"minecraft:brown_mushroom":1,"minecraft:gold_block":8,"biomesoplenty:jacaranda_sapling":6,"biomesoplenty:jacaranda_fence_gate":6,"minecraft:shield":1,"biomesoplenty:jacaranda_fence":51,"minecraft:iron_axe":2,"minecraft:blackstone":8,"biomesoplenty:jacaranda_slab":79,"minecraft:cracked_stone_bricks":1,"minecraft:beef":3,"minecraft:oak_boat":5,"minecraft:poppy":6,"minecraft:tinted_glass":1,"minecraft:chest":1,"minecraft:birch_sapling":2,"minecraft:phantom_membrane":1,"minecraft:egg":3,"minecraft:raw_iron":81,"minecraft:glow_item_frame":1,"minecraft:polished_blackstone_bricks":103,"minecraft:redstone":5,"minecraft:dark_oak_planks":3,"minecraft:arrow":5,"biomesoplenty:jacaranda_log":47,"biomesoplenty:jacaranda_stairs":1,"minecraft:shears":1,"minecraft:pink_tulip":1,"minecraft:stripped_dark_oak_wood":8,"minecraft:gold_ingot":25,"minecraft:mutton":19,"minecraft:bone_block":6,"minecraft:white_wool":11,"minecraft:mud_bricks":11,"minecraft:leather":1,"minecraft:birch_planks":1,"minecraft:packed_mud":3,"minecraft:oak_log":24,"minecraft:ancient_debris":7,"minecraft:golden_boots":1,"biomesoplenty:jacaranda_planks":13,"minecraft:stone_bricks":1,"minecraft:iron_ingot":21,"minecraft:glass_bottle":22,"minecraft:iron_sword":1,"minecraft:dark_oak_stairs":1,"minecraft:pumpkin":12,"minecraft:sweet_berries":8,"minecraft:dandelion":3,"minecraft:amethyst_shard":16,"minecraft:spruce_log":1,"minecraft:purple_bed":1,"evilcraft:dark_gem":46,"minecraft:iron_helmet":1,"minecraft:terracotta":3,"minecraft:coal":65,"minecraft:ender_pearl":1},"minecraft:custom":{"minecraft:animals_bred":33,"minecraft:interact_with_crafting_table":43,"minecraft:open_barrel":3,"minecraft:leave_game":5,"minecraft:time_since_death":131191,"minecraft:damage_resisted":37,"minecraft:sprint_one_cm":1670863,"vampirism:interact_with_coffin":3,"vampirism:interact_with_totem":2,"minecraft:drop":72,"minecraft:talked_to_villager":1,"minecraft:play_time":362591,"minecraft:deaths":3,"minecraft:jump":5743,"minecraft:walk_on_water_one_cm":84188,"minecraft:interact_with_furnace":23,"vampirism:altar_of_inspiration_rituals_performed":7,"vampirism:action_used_bat":13,"minecraft:sleep_in_bed":3,"vampirism:actions_used":13,"minecraft:waystone_activated":4,"minecraft:damage_dealt":8413,"minecraft:player_kills":1,"minecraft:crouch_one_cm":19300,"tombstone:undead_killed":16,"minecraft:interact_with_smoker":1,"minecraft:mob_kills":59,"vampirism:action_time_bat":7694,"minecraft:climb_one_cm":1886,"vampirism:amount_bitten":367,"minecraft:walk_one_cm":1095634,"vampirism:skills_unlocked":6,"vampirism:interact_with_altar_inspiration":37,"minecraft:sneak_time":7844,"minecraft:walk_under_water_one_cm":63276,"minecraft:boat_one_cm":436436,"minecraft:interact_with_blast_furnace":1,"minecraft:total_world_time":362591,"vampirism:blood_drunk":59000,"tombstone:raider_killed":1,"minecraft:interact_with_grindstone":1,"minecraft:time_since_rest":89231,"vampirism:resurrected":3,"minecraft:damage_taken":202088,"minecraft:swim_one_cm":298759,"minecraft:fly_one_cm":2518152,"minecraft:open_chest":70,"minecraft:fall_one_cm":114730},"minecraft:dropped":{"minecraft:glass_bottle":57,"minecraft:diamond":1,"minecraft:orange_tulip":2,"minecraft:flint":1,"minecraft:gold_nugget":3,"minecraft:polished_blackstone_bricks":39,"minecraft:iron_pickaxe":1,"minecraft:chiseled_polished_blackstone":1,"minecraft:blackstone":8,"minecraft:wheat":34,"vampirism:blood_bottle":3,"minecraft:azure_bluet":1,"minecraft:poppy":1,"biomesoplenty:jacaranda_stairs":1,"minecraft:written_book":1,"minecraft:water_bucket":1,"minecraft:wheat_seeds":7,"minecraft:diamond_leggings":1,"minecraft:coal":24,"minecraft:diamond_helmet":1,"minecraft:iron_axe":1,"minecraft:string":1,"minecraft:redstone_block":1,"biomesoplenty:jacaranda_fence":20,"minecraft:pink_tulip":1,"minecraft:lily_of_the_valley":2,"minecraft:mud_bricks":1,"minecraft:diamond_chestplate":1,"minecraft:diamond_boots":1,"minecraft:red_tulip":1},"minecraft:mined":{"minecraft:dark_oak_planks":3,"minecraft:waxed_cut_copper_slab":1,"minecraft:spruce_planks":4,"minecraft:black_terracotta":4,"minecraft:carved_pumpkin":1,"minecraft:obsidian":13,"minecraft:grass_block":14,"biomesoplenty:rose_quartz_block":1,"minecraft:cracked_polished_blackstone_bricks":2,"biomesoplenty:jacaranda_stairs":1,"minecraft:mud_bricks":13,"minecraft:spawner":4,"minecraft:polished_blackstone_bricks":7,"minecraft:tall_seagrass":1,"minecraft:iron_ore":40,"minecraft:fire":1,"minecraft:pumpkin":6,"minecraft:moss_carpet":1,"minecraft:deepslate_lapis_ore":1,"minecraft:stripped_dark_oak_wood":10,"minecraft:azure_bluet":1,"minecraft:dark_oak_stairs":1,"minecraft:pointed_dripstone":1,"minecraft:red_tulip":4,"biomesoplenty:webbing":1,"minecraft:pink_tulip":1,"minecraft:deepslate_redstone_ore":1,"biomesoplenty:jacaranda_leaves":12,"biomesoplenty:jacaranda_slab":69,"minecraft:soul_fire":3,"minecraft:powder_snow":25,"minecraft:torch":17,"minecraft:poppy":5,"minecraft:chest":1,"minecraft:cobblestone":10,"minecraft:wall_torch":4,"minecraft:chain":2,"minecraft:tinted_glass":1,"minecraft:birch_log":4,"minecraft:wheat":2,"minecraft:lilac":1,"biomesoplenty:large_rose_quartz_bud":1,"biomesoplenty:maple_leaves":3,"minecraft:orange_tulip":3,"minecraft:stone_brick_stairs":1,"minecraft:grass":16,"minecraft:oak_log":26,"minecraft:dirt":10,"minecraft:ancient_debris":7,"minecraft:netherrack":76,"minecraft:deepslate":3,"biomesoplenty:orange_autumn_leaves":4,"biomesoplenty:jacaranda_fence":41,"minecraft:spruce_leaves":6,"biomesoplenty:jacaranda_log":47,"minecraft:furnace":1,"minecraft:waxed_oxidized_cut_copper":26,"minecraft:packed_mud":4,"minecraft:andesite":1,"evilcraft:dark_ore":11,"minecraft:peony":1,"minecraft:gold_block":1,"minecraft:deepslate_iron_ore":22,"minecraft:vine":1,"biomesoplenty:spider_egg":1,"minecraft:stone":138,"minecraft:white_tulip":1,"biomesoplenty:rose_quartz_cluster":1,"minecraft:bone_block":6,"biomesoplenty:jacaranda_fence_gate":6,"minecraft:lily_of_the_valley":2,"minecraft:dandelion":4,"minecraft:crafting_table":5,"minecraft:deepslate_coal_ore":6,"biomesoplenty:sprout":9,"minecraft:deepslate_gold_ore":3,"minecraft:diorite":2,"minecraft:birch_planks":1,"minecraft:purple_bed":1,"minecraft:sweet_berry_bush":3,"minecraft:ice":2,"minecraft:birch_leaves":1,"minecraft:coal_ore":56,"biomesoplenty:fir_leaves":5,"biomesoplenty:stringy_cobweb":1,"minecraft:cracked_stone_bricks":1,"minecraft:terracotta":3,"minecraft:stone_bricks":1,"minecraft:fern":4},"minecraft:used":{"minecraft:poppy":3,"minecraft:chest":3,"minecraft:iron_sword":182,"minecraft:mutton":10,"minecraft:azure_bluet":1,"minecraft:obsidian":11,"alexsmobs:lobster_tail":1,"minecraft:birch_sapling":2,"minecraft:packed_mud":3,"minecraft:stone_bricks":1,"biomesoplenty:jacaranda_sapling":6,"minecraft:written_book":5,"minecraft:sweet_berries":8,"minecraft:furnace":2,"minecraft:egg":3,"biomesoplenty:jacaranda_fence":79,"minecraft:dark_oak_stairs":1,"minecraft:diorite":2,"minecraft:stone_pickaxe":20,"minecraft:oak_planks":70,"minecraft:orange_tulip":1,"minecraft:wooden_pickaxe":9,"minecraft:diamond_axe":136,"minecraft:black_terracotta":2,"minecraft:bread":15,"minecraft:diamond_sword":67,"minecraft:andesite":1,"minecraft:oak_boat":3,"minecraft:bone_meal":9,"minecraft:experience_bottle":2,"minecraft:stone_sword":29,"minecraft:flint_and_steel":2,"minecraft:white_tulip":1,"biomesoplenty:jacaranda_fence_gate":7,"minecraft:spruce_planks":12,"minecraft:tinted_glass":1,"minecraft:netherrack":20,"minecraft:torch":33,"minecraft:dirt":16,"biomesoplenty:jacaranda_slab":115,"minecraft:dark_oak_planks":35,"minecraft:red_tulip":4,"minecraft:iron_axe":94,"minecraft:mud_bricks":9,"minecraft:waxed_cut_copper_slab":1,"minecraft:beef":1,"tombstone:gift":5,"minecraft:wheat_seeds":1,"minecraft:cooked_mutton":6,"minecraft:water_bucket":8,"vampirism:altar_inspiration":2,"minecraft:birch_planks":1,"minecraft:baked_potato":12,"minecraft:waxed_oxidized_cut_copper":25,"minecraft:birch_boat":2,"minecraft:brown_mushroom":1,"minecraft:cracked_stone_bricks":1,"minecraft:terracotta":3,"minecraft:crafting_table":6,"minecraft:oak_log":2,"minecraft:diamond_pickaxe":125,"minecraft:diamond_shovel":29,"minecraft:cracked_polished_blackstone_bricks":19,"minecraft:iron_pickaxe":334,"minecraft:map":1,"minecraft:stone_axe":2,"minecraft:cobblestone":131,"minecraft:bucket":9,"minecraft:pumpkin_pie":3,"alexsmobs:animal_dictionary":1,"minecraft:dandelion":3},"minecraft:crafted":{"minecraft:oak_planks":88,"minecraft:birch_boat":2,"minecraft:diamond_shovel":1,"minecraft:cooked_mutton":6,"minecraft:glass":54,"minecraft:diamond_helmet":2,"minecraft:diamond_leggings":2,"minecraft:iron_boots":1,"vampirism:altar_inspiration":2,"minecraft:chest":3,"minecraft:glass_bottle":39,"biomesoplenty:jacaranda_planks":188,"minecraft:diamond_axe":1,"minecraft:crafting_table":1,"minecraft:spruce_planks":16,"minecraft:wooden_pickaxe":1,"minecraft:baked_potato":16,"minecraft:iron_helmet":1,"biomesoplenty:jacaranda_fence_gate":4,"minecraft:birch_planks":16,"biomesoplenty:jacaranda_slab":36,"biomesoplenty:jacaranda_fence":66,"minecraft:iron_chestplate":1,"minecraft:diamond_pickaxe":1,"minecraft:shield":1,"minecraft:stick":88,"minecraft:iron_ingot":36,"minecraft:iron_pickaxe":2,"minecraft:stone_sword":1,"minecraft:furnace":2,"minecraft:bone_meal":9,"minecraft:flint_and_steel":1,"minecraft:iron_axe":1,"minecraft:stone_pickaxe":1,"minecraft:diamond_boots":2,"minecraft:dark_oak_planks":32,"minecraft:diamond_sword":1,"minecraft:iron_sword":1,"minecraft:stone_axe":1,"minecraft:air":0,"minecraft:iron_leggings":1,"minecraft:white_bed":1,"vampirism:blood_container":2,"minecraft:torch":24,"minecraft:diamond_chestplate":2},"minecraft:killed":{"alexsmobs:lobster":1,"minecraft:cave_spider":1,"minecraft:spider":3,"minecraft:skeleton":3,"alexsmobs:banana_slug":1,"alexsmobs:seal":1,"minecraft:iron_golem":1,"minecraft:sheep":3,"minecraft:zombie":12,"alexsmobs:terrapin":1,"minecraft:cow":1,"alexsmobs:raccoon":1,"alexsmobs:seagull":1,"minecraft:phantom":1,"twilightforest:kobold":13,"alexsmobs:cockroach":1,"alexsmobs:crocodile":1},"minecraft:broken":{"minecraft:iron_pickaxe":1}},"DataVersion":3465}