{"stats":{"minecraft:crafted":{"minecraft:oak_planks":32,"minecraft:crafting_table":1,"minecraft:spruce_planks":16,"minecraft:stick":20,"minecraft:baked_potato":16,"minecraft:wooden_pickaxe":1,"minecraft:iron_pickaxe":1,"minecraft:stone_pickaxe":1,"minecraft:stone_sword":1,"minecraft:iron_sword":1,"minecraft:furnace":1,"minecraft:white_bed":1,"minecraft:torch":24,"minecraft:stone_axe":1,"minecraft:cooked_mutton":6},"minecraft:mined":{"minecraft:purple_bed":1,"evilcraft:dark_ore":2,"minecraft:crafting_table":1,"minecraft:grass":1,"minecraft:coal_ore":18,"minecraft:oak_log":10,"minecraft:stone":20},"minecraft:picked_up":{"minecraft:crafting_table":1,"minecraft:oak_log":10,"minecraft:bone":2,"minecraft:arrow":2,"minecraft:purple_bed":1,"minecraft:rotten_flesh":5,"minecraft:wheat_seeds":1,"evilcraft:dark_gem":4,"minecraft:iron_ingot":5,"minecraft:poppy":2,"minecraft:birch_sapling":2,"minecraft:mutton":6,"minecraft:coal":18,"minecraft:white_wool":3,"minecraft:cobblestone":21,"minecraft:egg":1},"minecraft:custom":{"minecraft:time_since_rest":18084,"minecraft:interact_with_furnace":10,"minecraft:sprint_one_cm":57387,"minecraft:damage_taken":375,"minecraft:walk_one_cm":58921,"minecraft:mob_kills":7,"minecraft:damage_dealt":1912,"minecraft:swim_one_cm":20799,"minecraft:interact_with_crafting_table":8,"minecraft:fly_one_cm":14116,"minecraft:open_chest":5,"minecraft:crouch_one_cm":3382,"tombstone:undead_killed":3,"minecraft:play_time":18084,"minecraft:sneak_time":1219,"minecraft:walk_under_water_one_cm":4279,"minecraft:jump":144,"minecraft:interact_with_grindstone":1,"minecraft:time_since_death":18084,"minecraft:walk_on_water_one_cm":4913,"minecraft:total_world_time":18084,"minecraft:climb_one_cm":630,"minecraft:fall_one_cm":2739},"minecraft:killed":{"minecraft:skeleton":1,"minecraft:sheep":3,"minecraft:zombie":2,"minecraft:iron_golem":1},"minecraft:used":{"minecraft:oak_log":2,"minecraft:cooked_mutton":1,"minecraft:stone_sword":29,"minecraft:bread":1,"minecraft:iron_pickaxe":11,"minecraft:baked_potato":4,"minecraft:stone_pickaxe":20,"minecraft:birch_sapling":2,"minecraft:oak_planks":14,"minecraft:map":1,"minecraft:wooden_pickaxe":9,"minecraft:iron_sword":25,"minecraft:torch":2,"minecraft:stone_axe":1,"minecraft:crafting_table":2,"minecraft:furnace":1,"alexsmobs:animal_dictionary":1,"minecraft:egg":1}},"DataVersion":3465}