{"stats":{"minecraft:crafted":{"minecraft:oak_planks":88,"minecraft:furnace":1,"minecraft:cooked_mutton":6,"minecraft:iron_boots":1,"minecraft:iron_axe":1,"minecraft:stone_pickaxe":1,"minecraft:dark_oak_planks":32,"minecraft:crafting_table":1,"minecraft:spruce_planks":16,"minecraft:iron_helmet":1,"minecraft:wooden_pickaxe":1,"minecraft:baked_potato":16,"minecraft:iron_sword":1,"minecraft:stone_axe":1,"minecraft:air":0,"minecraft:iron_chestplate":1,"minecraft:shield":1,"minecraft:stick":20,"minecraft:iron_ingot":36,"minecraft:iron_pickaxe":2,"minecraft:stone_sword":1,"minecraft:iron_leggings":1,"minecraft:white_bed":1,"minecraft:torch":24},"minecraft:mined":{"minecraft:dark_oak_planks":3,"minecraft:waxed_cut_copper_slab":1,"minecraft:spruce_planks":4,"minecraft:black_terracotta":4,"minecraft:grass_block":4,"minecraft:mud_bricks":13,"minecraft:spawner":3,"minecraft:waxed_oxidized_cut_copper":26,"minecraft:packed_mud":4,"minecraft:furnace":1,"minecraft:iron_ore":40,"minecraft:andesite":1,"minecraft:moss_carpet":1,"evilcraft:dark_ore":11,"minecraft:deepslate_lapis_ore":1,"minecraft:dark_oak_stairs":1,"minecraft:peony":1,"minecraft:stripped_dark_oak_wood":10,"minecraft:gold_block":1,"minecraft:pointed_dripstone":1,"minecraft:vine":1,"minecraft:deepslate_iron_ore":22,"biomesoplenty:webbing":1,"minecraft:stone":128,"biomesoplenty:spider_egg":1,"minecraft:deepslate_redstone_ore":1,"minecraft:powder_snow":12,"minecraft:crafting_table":4,"minecraft:torch":13,"minecraft:cobblestone":10,"minecraft:deepslate_coal_ore":6,"biomesoplenty:sprout":1,"minecraft:deepslate_gold_ore":3,"minecraft:diorite":2,"minecraft:wall_torch":4,"minecraft:chain":2,"minecraft:purple_bed":1,"minecraft:birch_planks":1,"minecraft:tinted_glass":1,"minecraft:sweet_berry_bush":3,"minecraft:lilac":1,"minecraft:stone_brick_stairs":1,"minecraft:grass":1,"minecraft:coal_ore":56,"minecraft:oak_log":26,"minecraft:dirt":1,"biomesoplenty:stringy_cobweb":1,"minecraft:cracked_stone_bricks":1,"minecraft:terracotta":3,"minecraft:stone_bricks":1,"minecraft:deepslate":3},"minecraft:broken":{"minecraft:iron_pickaxe":1},"minecraft:dropped":{"minecraft:iron_axe":1,"minecraft:iron_pickaxe":1,"minecraft:string":1},"minecraft:picked_up":{"minecraft:waxed_oxidized_cut_copper":25,"minecraft:crafting_table":4,"minecraft:brown_mushroom":1,"minecraft:gold_block":1,"minecraft:string":2,"minecraft:waxed_cut_copper_slab":1,"minecraft:iron_axe":1,"minecraft:cracked_stone_bricks":1,"minecraft:cobbled_deepslate":3,"minecraft:spruce_planks":4,"minecraft:ender_eye":1,"minecraft:iron_pickaxe":1,"minecraft:poppy":2,"alexsmobs:raccoon_tail":1,"minecraft:tinted_glass":1,"minecraft:birch_sapling":2,"minecraft:furnace":1,"minecraft:egg":1,"minecraft:raw_iron":81,"minecraft:torch":16,"minecraft:porkchop":2,"minecraft:pointed_dripstone":1,"tombstone:grave_dust":1,"minecraft:diorite":2,"minecraft:redstone":5,"minecraft:dark_oak_planks":3,"minecraft:arrow":5,"minecraft:rotten_flesh":14,"minecraft:stripped_dark_oak_wood":8,"minecraft:mutton":6,"minecraft:white_wool":3,"minecraft:cobblestone":147,"minecraft:mud_bricks":10,"minecraft:andesite":1,"minecraft:birch_planks":1,"minecraft:packed_mud":3,"minecraft:oak_log":24,"minecraft:lapis_lazuli":9,"minecraft:dirt":3,"minecraft:bone":4,"minecraft:stone_bricks":1,"minecraft:wheat_seeds":2,"minecraft:raw_gold":3,"minecraft:iron_ingot":7,"minecraft:dark_oak_stairs":1,"minecraft:black_terracotta":4,"minecraft:sweet_berries":8,"minecraft:purple_bed":1,"evilcraft:dark_gem":46,"minecraft:terracotta":3,"minecraft:coal":65},"minecraft:custom":{"minecraft:mob_kills":26,"minecraft:interact_with_crafting_table":15,"minecraft:open_barrel":3,"minecraft:leave_game":4,"minecraft:time_since_death":116949,"minecraft:climb_one_cm":1664,"minecraft:sprint_one_cm":728065,"vampirism:amount_bitten":23,"minecraft:walk_one_cm":409128,"vampirism:interact_with_totem":1,"minecraft:drop":3,"vampirism:skills_unlocked":1,"minecraft:talked_to_villager":1,"minecraft:play_time":143094,"minecraft:deaths":1,"minecraft:sneak_time":4947,"minecraft:walk_under_water_one_cm":48235,"minecraft:boat_one_cm":1215,"minecraft:jump":2699,"minecraft:interact_with_blast_furnace":1,"minecraft:walk_on_water_one_cm":33824,"minecraft:total_world_time":143094,"vampirism:blood_drunk":7300,"minecraft:interact_with_furnace":17,"minecraft:interact_with_grindstone":1,"minecraft:time_since_rest":114550,"minecraft:waystone_activated":2,"minecraft:damage_taken":100953,"minecraft:damage_dealt":5333,"minecraft:swim_one_cm":184232,"minecraft:fly_one_cm":368375,"minecraft:player_kills":1,"minecraft:open_chest":34,"minecraft:crouch_one_cm":13715,"tombstone:undead_killed":15,"minecraft:interact_with_smoker":1,"minecraft:fall_one_cm":55993},"minecraft:killed":{"minecraft:cave_spider":1,"alexsmobs:raccoon":1,"minecraft:spider":1,"minecraft:skeleton":3,"alexsmobs:seal":1,"minecraft:iron_golem":1,"minecraft:sheep":3,"alexsmobs:cockroach":1,"minecraft:zombie":12},"minecraft:used":{"minecraft:stone_sword":29,"minecraft:spruce_planks":12,"minecraft:tinted_glass":1,"minecraft:iron_sword":125,"minecraft:torch":26,"minecraft:dirt":3,"minecraft:dark_oak_planks":35,"minecraft:iron_axe":40,"minecraft:birch_sapling":2,"minecraft:mud_bricks":8,"minecraft:stone_bricks":1,"minecraft:waxed_cut_copper_slab":1,"minecraft:sweet_berries":8,"minecraft:furnace":1,"tombstone:gift":1,"minecraft:egg":1,"minecraft:cooked_mutton":6,"minecraft:dark_oak_stairs":1,"minecraft:diorite":2,"minecraft:birch_planks":1,"minecraft:stone_pickaxe":20,"minecraft:baked_potato":12,"minecraft:oak_planks":70,"minecraft:waxed_oxidized_cut_copper":25,"minecraft:wooden_pickaxe":9,"minecraft:cracked_stone_bricks":1,"minecraft:crafting_table":5,"minecraft:black_terracotta":2,"minecraft:oak_log":2,"minecraft:bread":15,"minecraft:iron_pickaxe":334,"minecraft:map":1,"minecraft:stone_axe":2,"minecraft:cobblestone":131,"minecraft:andesite":1,"minecraft:pumpkin_pie":3,"alexsmobs:animal_dictionary":1,"minecraft:experience_bottle":2}},"DataVersion":3465}