{"stats":{"minecraft:crafted":{"minecraft:oak_planks":32,"minecraft:crafting_table":1,"minecraft:spruce_planks":16,"minecraft:wooden_pickaxe":1,"minecraft:baked_potato":16,"minecraft:iron_helmet":1,"minecraft:iron_sword":1,"minecraft:furnace":1,"minecraft:stone_axe":1,"minecraft:cooked_mutton":6,"minecraft:air":0,"minecraft:iron_boots":1,"minecraft:iron_chestplate":1,"minecraft:shield":1,"minecraft:iron_axe":1,"minecraft:stick":20,"minecraft:iron_ingot":36,"minecraft:iron_pickaxe":1,"minecraft:stone_pickaxe":1,"minecraft:stone_sword":1,"minecraft:iron_leggings":1,"minecraft:white_bed":1,"minecraft:torch":24},"minecraft:mined":{"minecraft:deepslate_redstone_ore":1,"minecraft:crafting_table":3,"minecraft:torch":2,"minecraft:cobblestone":1,"minecraft:deepslate_coal_ore":6,"minecraft:deepslate_gold_ore":3,"minecraft:chain":2,"minecraft:purple_bed":1,"minecraft:furnace":1,"minecraft:sweet_berry_bush":3,"minecraft:iron_ore":39,"minecraft:andesite":1,"evilcraft:dark_ore":11,"minecraft:deepslate_lapis_ore":1,"minecraft:stone_brick_stairs":1,"minecraft:deepslate_iron_ore":18,"minecraft:grass":1,"minecraft:coal_ore":48,"minecraft:oak_log":10,"biomesoplenty:webbing":1,"biomesoplenty:stringy_cobweb":1,"minecraft:cracked_stone_bricks":1,"minecraft:stone_bricks":1,"biomesoplenty:spider_egg":1,"minecraft:stone":52,"minecraft:deepslate":3},"minecraft:dropped":{"minecraft:iron_pickaxe":1},"minecraft:picked_up":{"minecraft:crafting_table":3,"minecraft:andesite":1,"minecraft:oak_log":10,"minecraft:lapis_lazuli":9,"minecraft:bone":4,"minecraft:stone_bricks":1,"minecraft:cracked_stone_bricks":1,"minecraft:wheat_seeds":2,"minecraft:cobbled_deepslate":3,"minecraft:raw_gold":3,"minecraft:iron_ingot":7,"minecraft:poppy":2,"minecraft:iron_pickaxe":1,"minecraft:birch_sapling":2,"minecraft:furnace":1,"minecraft:egg":1,"minecraft:raw_iron":76,"minecraft:sweet_berries":8,"minecraft:torch":2,"minecraft:redstone":5,"minecraft:purple_bed":1,"minecraft:arrow":5,"minecraft:rotten_flesh":7,"evilcraft:dark_gem":46,"minecraft:mutton":6,"minecraft:coal":57,"minecraft:white_wool":3,"minecraft:cobblestone":63},"minecraft:custom":{"minecraft:interact_with_furnace":17,"minecraft:mob_kills":15,"minecraft:interact_with_crafting_table":12,"minecraft:interact_with_grindstone":1,"minecraft:leave_game":2,"minecraft:time_since_death":45324,"minecraft:climb_one_cm":1090,"minecraft:time_since_rest":42925,"minecraft:waystone_activated":1,"minecraft:sprint_one_cm":308467,"minecraft:damage_taken":1582,"minecraft:walk_one_cm":203929,"vampirism:interact_with_totem":1,"minecraft:drop":1,"minecraft:damage_dealt":3709,"minecraft:swim_one_cm":86969,"minecraft:fly_one_cm":132176,"minecraft:open_chest":15,"minecraft:crouch_one_cm":5474,"minecraft:play_time":71469,"tombstone:undead_killed":10,"minecraft:deaths":1,"minecraft:sneak_time":2642,"minecraft:walk_under_water_one_cm":41289,"minecraft:jump":1203,"minecraft:interact_with_blast_furnace":1,"minecraft:walk_on_water_one_cm":25889,"minecraft:interact_with_smoker":1,"minecraft:total_world_time":71469,"minecraft:fall_one_cm":29290},"minecraft:killed":{"minecraft:iron_golem":1,"minecraft:sheep":3,"minecraft:skeleton":3,"alexsmobs:cockroach":1,"minecraft:zombie":7},"minecraft:used":{"minecraft:cooked_mutton":6,"minecraft:stone_sword":29,"minecraft:stone_pickaxe":20,"minecraft:baked_potato":12,"minecraft:oak_planks":14,"minecraft:wooden_pickaxe":9,"minecraft:iron_sword":80,"minecraft:cracked_stone_bricks":1,"minecraft:torch":4,"minecraft:crafting_table":3,"minecraft:oak_log":2,"minecraft:iron_axe":1,"minecraft:bread":4,"minecraft:birch_sapling":2,"minecraft:iron_pickaxe":163,"minecraft:map":1,"minecraft:stone_bricks":1,"minecraft:stone_axe":2,"minecraft:cobblestone":42,"minecraft:sweet_berries":8,"minecraft:furnace":1,"minecraft:andesite":1,"minecraft:pumpkin_pie":3,"tombstone:gift":1,"alexsmobs:animal_dictionary":1,"minecraft:egg":1}},"DataVersion":3465}