{"stats":{"minecraft:crafted":{"minecraft:oak_planks":88,"minecraft:crafting_table":1,"minecraft:spruce_planks":16,"minecraft:wooden_pickaxe":1,"minecraft:baked_potato":16,"minecraft:iron_helmet":1,"minecraft:iron_sword":1,"minecraft:furnace":1,"minecraft:stone_axe":1,"minecraft:cooked_mutton":6,"minecraft:air":0,"minecraft:iron_boots":1,"minecraft:iron_chestplate":1,"minecraft:shield":1,"minecraft:iron_axe":1,"minecraft:stick":20,"minecraft:iron_ingot":36,"minecraft:iron_pickaxe":2,"minecraft:stone_pickaxe":1,"minecraft:stone_sword":1,"minecraft:iron_leggings":1,"minecraft:white_bed":1,"minecraft:dark_oak_planks":12,"minecraft:torch":24},"minecraft:mined":{"minecraft:deepslate_redstone_ore":1,"minecraft:powder_snow":12,"minecraft:crafting_table":4,"minecraft:torch":6,"minecraft:grass_block":4,"minecraft:cobblestone":10,"minecraft:deepslate_coal_ore":6,"biomesoplenty:sprout":1,"minecraft:deepslate_gold_ore":3,"minecraft:mud_bricks":2,"minecraft:diorite":2,"minecraft:wall_torch":3,"minecraft:spawner":1,"minecraft:birch_planks":1,"minecraft:chain":2,"minecraft:purple_bed":1,"minecraft:waxed_oxidized_cut_copper":18,"minecraft:tinted_glass":1,"minecraft:furnace":1,"minecraft:iron_ore":40,"minecraft:sweet_berry_bush":3,"minecraft:stripped_dark_oak_wood":4,"minecraft:andesite":1,"evilcraft:dark_ore":11,"minecraft:deepslate_lapis_ore":1,"minecraft:stone_brick_stairs":1,"minecraft:gold_block":1,"minecraft:grass":1,"minecraft:pointed_dripstone":1,"minecraft:oak_log":26,"minecraft:coal_ore":56,"minecraft:deepslate_iron_ore":22,"minecraft:vine":1,"biomesoplenty:webbing":1,"minecraft:dirt":1,"biomesoplenty:stringy_cobweb":1,"minecraft:cracked_stone_bricks":1,"minecraft:stone_bricks":1,"biomesoplenty:spider_egg":1,"minecraft:stone":128,"minecraft:deepslate":3},"minecraft:dropped":{"minecraft:iron_pickaxe":1,"minecraft:string":1},"minecraft:broken":{"minecraft:iron_pickaxe":1},"minecraft:picked_up":{"minecraft:waxed_oxidized_cut_copper":17,"minecraft:crafting_table":4,"minecraft:mud_bricks":2,"minecraft:andesite":1,"minecraft:brown_mushroom":1,"minecraft:birch_planks":1,"minecraft:gold_block":1,"minecraft:oak_log":24,"minecraft:dirt":3,"minecraft:lapis_lazuli":9,"minecraft:string":2,"minecraft:bone":4,"minecraft:stone_bricks":1,"minecraft:cracked_stone_bricks":1,"minecraft:wheat_seeds":2,"minecraft:cobbled_deepslate":3,"minecraft:raw_gold":3,"minecraft:iron_ingot":7,"minecraft:poppy":2,"minecraft:iron_pickaxe":1,"alexsmobs:raccoon_tail":1,"minecraft:tinted_glass":1,"minecraft:birch_sapling":2,"minecraft:egg":1,"minecraft:furnace":1,"minecraft:raw_iron":81,"minecraft:sweet_berries":8,"minecraft:torch":9,"minecraft:porkchop":2,"tombstone:grave_dust":1,"minecraft:pointed_dripstone":1,"minecraft:diorite":2,"minecraft:redstone":5,"minecraft:rotten_flesh":14,"minecraft:arrow":5,"minecraft:purple_bed":1,"evilcraft:dark_gem":46,"minecraft:stripped_dark_oak_wood":3,"minecraft:mutton":6,"minecraft:coal":65,"minecraft:white_wool":3,"minecraft:cobblestone":147},"minecraft:custom":{"minecraft:interact_with_furnace":17,"minecraft:mob_kills":25,"minecraft:interact_with_crafting_table":15,"minecraft:open_barrel":3,"minecraft:interact_with_grindstone":1,"minecraft:leave_game":3,"minecraft:time_since_death":103465,"minecraft:climb_one_cm":1664,"minecraft:time_since_rest":101066,"minecraft:waystone_activated":2,"vampirism:amount_bitten":23,"minecraft:sprint_one_cm":676464,"minecraft:damage_taken":100913,"minecraft:walk_one_cm":348295,"minecraft:drop":2,"vampirism:interact_with_totem":1,"vampirism:skills_unlocked":1,"minecraft:damage_dealt":5226,"minecraft:player_kills":1,"minecraft:swim_one_cm":184232,"minecraft:fly_one_cm":362430,"minecraft:talked_to_villager":1,"minecraft:play_time":129610,"minecraft:open_chest":30,"minecraft:crouch_one_cm":8507,"minecraft:sneak_time":3592,"tombstone:undead_killed":15,"minecraft:deaths":1,"minecraft:walk_under_water_one_cm":48235,"minecraft:boat_one_cm":1215,"minecraft:jump":2593,"minecraft:interact_with_blast_furnace":1,"minecraft:walk_on_water_one_cm":33824,"minecraft:total_world_time":129610,"minecraft:interact_with_smoker":1,"vampirism:blood_drunk":7300,"minecraft:fall_one_cm":54020},"minecraft:killed":{"minecraft:cave_spider":1,"alexsmobs:raccoon":1,"alexsmobs:seal":1,"minecraft:spider":1,"minecraft:iron_golem":1,"minecraft:sheep":3,"minecraft:skeleton":3,"minecraft:zombie":12,"alexsmobs:cockroach":1},"minecraft:used":{"minecraft:cooked_mutton":6,"minecraft:diorite":2,"minecraft:stone_sword":29,"minecraft:birch_planks":1,"minecraft:stone_pickaxe":20,"minecraft:baked_potato":12,"minecraft:oak_planks":70,"minecraft:waxed_oxidized_cut_copper":13,"minecraft:spruce_planks":8,"minecraft:wooden_pickaxe":9,"minecraft:iron_sword":125,"minecraft:cracked_stone_bricks":1,"minecraft:torch":18,"minecraft:dirt":3,"minecraft:crafting_table":5,"minecraft:dark_oak_planks":2,"minecraft:oak_log":2,"minecraft:iron_pickaxe":291,"minecraft:iron_axe":26,"minecraft:map":1,"minecraft:bread":15,"minecraft:birch_sapling":2,"minecraft:stone_axe":2,"minecraft:stone_bricks":1,"minecraft:cobblestone":131,"minecraft:sweet_berries":8,"minecraft:furnace":1,"tombstone:gift":1,"minecraft:andesite":1,"alexsmobs:animal_dictionary":1,"minecraft:pumpkin_pie":3,"minecraft:egg":1}},"DataVersion":3465}