{"stats":{"minecraft:picked_up":{"minecraft:iron_chestplate":1,"minecraft:wheat":131,"minecraft:redstone_block":2,"biomesoplenty:violet":1,"minecraft:enchanted_book":1,"minecraft:gilded_blackstone":1,"minecraft:string":10,"evilcraft:ender_tear":5,"minecraft:waxed_cut_copper_slab":1,"vampirism:blood_pedestal":1,"minecraft:iron_leggings":1,"minecraft:shroomlight":2,"biomesoplenty:brimstone":10,"alexsmobs:blood_sac":2,"minecraft:diamond_leggings":1,"minecraft:gold_nugget":3,"minecraft:cobbled_deepslate":3,"minecraft:bucket":1,"minecraft:spruce_planks":4,"minecraft:white_tulip":1,"minecraft:written_book":14,"minecraft:ender_eye":2,"minecraft:iron_pickaxe":2,"alexsmobs:raccoon_tail":2,"minecraft:furnace":2,"minecraft:iron_boots":1,"biomesoplenty:rose_quartz_block":1,"minecraft:golden_helmet":1,"minecraft:stick":6,"minecraft:torch":32,"minecraft:spruce_stairs":1,"minecraft:porkchop":2,"minecraft:pointed_dripstone":1,"tombstone:grave_dust":3,"minecraft:diorite":5,"minecraft:stone_sword":3,"vampirism:blood_bottle":2,"minecraft:rotten_flesh":14,"biomesoplenty:rose_quartz_chunk":3,"minecraft:iron_block":1,"minecraft:red_tulip":7,"minecraft:carved_pumpkin":2,"minecraft:blaze_rod":4,"minecraft:obsidian":12,"alexsmobs:lobster_tail":1,"minecraft:cobblestone":312,"minecraft:birch_log":4,"minecraft:magma_block":8,"minecraft:water_bucket":1,"minecraft:andesite":15,"minecraft:dark_oak_boat":1,"minecraft:flint":4,"minecraft:lapis_lazuli":18,"minecraft:dirt":45,"minecraft:twisting_vines":9,"minecraft:bone":13,"minecraft:wheat_seeds":17,"minecraft:orange_tulip":4,"vampirism:altar_pillar":10,"minecraft:raw_gold":6,"minecraft:diamond_helmet":1,"minecraft:black_terracotta":6,"minecraft:chiseled_polished_blackstone":1,"minecraft:sand":4,"minecraft:ink_sac":2,"minecraft:diamond_block":8,"minecraft:lily_of_the_valley":2,"alexsmobs:animal_dictionary":1,"vampirism:pure_blood_0":2,"minecraft:bundle":1,"vampirism:dark_stone_brick_stairs":1,"minecraft:diamond":7,"minecraft:cracked_polished_blackstone_bricks":35,"minecraft:bone_meal":54,"alexsmobs:banana_slug_slime":2,"minecraft:netherrack":79,"minecraft:waxed_oxidized_cut_copper":25,"minecraft:crafting_table":7,"minecraft:allium":2,"minecraft:azure_bluet":3,"minecraft:nether_wart":82,"minecraft:brown_mushroom":1,"biomesoplenty:flesh":5,"minecraft:gold_block":18,"biomesoplenty:jacaranda_sapling":6,"biomesoplenty:jacaranda_fence_gate":6,"minecraft:shield":1,"biomesoplenty:jacaranda_fence":51,"minecraft:iron_axe":2,"evilcraft:poison_sac":1,"minecraft:blackstone":13,"biomesoplenty:jacaranda_slab":85,"minecraft:cracked_stone_bricks":1,"minecraft:respawn_anchor":1,"vampirism:dark_spruce_slab":1,"minecraft:beef":52,"minecraft:oak_boat":5,"minecraft:poppy":17,"minecraft:tinted_glass":1,"minecraft:chest":1,"minecraft:birch_sapling":2,"minecraft:phantom_membrane":1,"minecraft:egg":3,"minecraft:raw_iron":81,"minecraft:glow_item_frame":1,"minecraft:spruce_fence":13,"alexsmobs:straddlite":1,"sophisticatedbackpacks:backpack":1,"minecraft:polished_blackstone_bricks":104,"minecraft:redstone":5,"minecraft:dark_oak_planks":3,"minecraft:arrow":5,"biomesoplenty:jacaranda_log":47,"biomesoplenty:jacaranda_stairs":1,"minecraft:shears":1,"minecraft:stripped_dark_oak_wood":8,"minecraft:pink_tulip":1,"minecraft:gold_ingot":25,"minecraft:mutton":19,"minecraft:bone_block":6,"minecraft:white_wool":11,"minecraft:oxeye_daisy":4,"vampirism:vampire_blood_bottle":1,"minecraft:mud_bricks":11,"minecraft:basalt":5,"minecraft:leather":30,"alexsmobs:skreecher_soul":1,"minecraft:birch_planks":1,"minecraft:packed_mud":3,"minecraft:oak_log":25,"minecraft:ancient_debris":7,"minecraft:golden_boots":1,"biomesoplenty:jacaranda_planks":13,"minecraft:gunpowder":2,"vampirism:human_heart":5,"minecraft:stone_bricks":1,"minecraft:iron_ingot":30,"minecraft:glass_bottle":22,"minecraft:iron_sword":1,"minecraft:soul_sand":18,"minecraft:dark_oak_stairs":1,"minecraft:book":18,"minecraft:warped_fungus":2,"minecraft:pumpkin":12,"minecraft:sweet_berries":8,"minecraft:dandelion":10,"minecraft:gravel":2,"minecraft:amethyst_shard":16,"minecraft:spruce_sapling":1,"minecraft:spruce_log":4,"minecraft:spider_eye":2,"vampirism:vampire_rack":1,"biomesoplenty:bramble":1,"minecraft:purple_bed":1,"vampirism:blood_container":10,"vampirism:altar_tip":7,"vampirism:dark_stone_bricks":2,"evilcraft:dark_gem":46,"minecraft:iron_helmet":1,"minecraft:diamond_axe":1,"minecraft:warped_roots":3,"minecraft:terracotta":3,"minecraft:coal":72,"minecraft:ender_pearl":14},"minecraft:custom":{"minecraft:animals_bred":105,"vampirism:interact_with_altar_of_infusion":5,"minecraft:interact_with_crafting_table":67,"minecraft:open_barrel":3,"minecraft:bell_ring":4,"minecraft:leave_game":7,"minecraft:time_since_death":17197,"minecraft:damage_resisted":526,"minecraft:sprint_one_cm":2330855,"minecraft:damage_blocked_by_shield":70,"vampirism:interact_with_coffin":52,"minecraft:drop":131,"vampirism:interact_with_totem":2,"minecraft:talked_to_villager":7,"minecraft:play_time":650643,"minecraft:deaths":6,"minecraft:jump":8169,"minecraft:interact_with_brewingstand":15,"minecraft:walk_on_water_one_cm":124393,"vampirism:interact_with_blood_grinder":5,"vampirism:altar_of_inspiration_rituals_performed":8,"minecraft:interact_with_furnace":59,"vampirism:action_used_bat":214,"minecraft:sleep_in_bed":17,"vampirism:actions_used":214,"vampirism:altar_of_infusion_rituals_performed":1,"minecraft:waystone_activated":6,"minecraft:damage_dealt":41004,"minecraft:player_kills":1,"minecraft:crouch_one_cm":21232,"tombstone:undead_killed":18,"minecraft:interact_with_smoker":1,"minecraft:mob_kills":218,"vampirism:action_time_bat":84841,"minecraft:damage_dealt_resisted":1120,"minecraft:climb_one_cm":5669,"vampirism:amount_bitten":626,"minecraft:walk_one_cm":1936753,"vampirism:skills_unlocked":20,"vampirism:capture_village":1,"vampirism:interact_with_altar_inspiration":37,"minecraft:sneak_time":18659,"minecraft:walk_under_water_one_cm":88419,"minecraft:boat_one_cm":436436,"minecraft:interact_with_blast_furnace":1,"minecraft:total_world_time":650643,"vampirism:win_village_capture":1,"vampirism:blood_drunk":138100,"tombstone:raider_killed":1,"minecraft:interact_with_grindstone":1,"minecraft:interact_with_stonecutter":9,"minecraft:time_since_rest":16056,"vampirism:resurrected":7,"minecraft:damage_taken":304359,"minecraft:swim_one_cm":331053,"minecraft:fly_one_cm":6542275,"minecraft:open_chest":227,"minecraft:fall_one_cm":179116},"minecraft:dropped":{"minecraft:diamond_axe":1,"minecraft:warped_fungus":1,"minecraft:glass_bottle":115,"minecraft:ender_pearl":4,"minecraft:diamond":4,"minecraft:orange_tulip":2,"minecraft:glow_item_frame":1,"minecraft:leather":30,"minecraft:flint":2,"minecraft:dirt":2,"minecraft:mutton":2,"minecraft:gold_nugget":3,"minecraft:gilded_blackstone":1,"minecraft:amethyst_shard":16,"minecraft:bone_meal":108,"minecraft:polished_blackstone_bricks":39,"minecraft:iron_pickaxe":1,"minecraft:white_wool":8,"minecraft:chiseled_polished_blackstone":1,"minecraft:blackstone":8,"minecraft:gray_banner":1,"minecraft:twisting_vines":9,"minecraft:wheat":34,"vampirism:blood_bottle":8,"minecraft:azure_bluet":1,"minecraft:poppy":1,"vampirism:dark_spruce_slab":1,"biomesoplenty:jacaranda_stairs":1,"vampirism:blood_container":2,"minecraft:written_book":3,"minecraft:netherrack":150,"minecraft:water_bucket":1,"minecraft:golden_boots":1,"minecraft:wheat_seeds":13,"minecraft:diamond_leggings":2,"minecraft:coal":24,"minecraft:mushroom_stew":1,"biomesoplenty:violet":1,"minecraft:rose_bush":2,"minecraft:diamond_helmet":2,"minecraft:iron_axe":2,"minecraft:string":1,"minecraft:pink_tulip":1,"minecraft:redstone_block":1,"minecraft:dandelion":2,"biomesoplenty:jacaranda_fence":20,"minecraft:lily_of_the_valley":2,"minecraft:blast_furnace":2,"minecraft:shroomlight":1,"minecraft:mud_bricks":1,"minecraft:diamond_chestplate":1,"minecraft:spruce_planks":4,"minecraft:bundle":1,"minecraft:andesite":4,"minecraft:oak_sapling":1,"minecraft:spider_eye":1,"minecraft:diamond_boots":1,"minecraft:red_tulip":1},"minecraft:mined":{"minecraft:dark_oak_planks":3,"minecraft:waxed_cut_copper_slab":1,"minecraft:spruce_planks":4,"minecraft:black_terracotta":5,"minecraft:cobblestone_stairs":1,"biomesoplenty:brimstone":11,"minecraft:obsidian":13,"minecraft:carved_pumpkin":1,"minecraft:granite":5,"biomesoplenty:bramble":1,"minecraft:grass_block":26,"biomesoplenty:rose_quartz_block":1,"minecraft:cracked_polished_blackstone_bricks":4,"biomesoplenty:eyebulb":2,"biomesoplenty:jacaranda_stairs":1,"minecraft:mud_bricks":13,"minecraft:oxeye_daisy":4,"minecraft:nether_wart":45,"minecraft:spawner":8,"biomesoplenty:blackstone_bulb":1,"biomesoplenty:bramble_leaves":1,"minecraft:polished_blackstone_bricks":8,"minecraft:tall_seagrass":1,"minecraft:magma_block":12,"minecraft:iron_ore":40,"minecraft:fire":83,"biomesoplenty:violet":1,"minecraft:moss_carpet":1,"minecraft:pumpkin":6,"minecraft:deepslate_lapis_ore":1,"minecraft:stripped_dark_oak_wood":10,"minecraft:azure_bluet":2,"minecraft:dark_oak_stairs":1,"minecraft:pointed_dripstone":1,"minecraft:red_tulip":7,"biomesoplenty:webbing":1,"vampirism:dark_spruce_slab":1,"minecraft:pink_tulip":1,"minecraft:deepslate_redstone_ore":1,"biomesoplenty:jacaranda_leaves":12,"minecraft:blackstone":5,"minecraft:soul_fire":9,"biomesoplenty:jacaranda_slab":72,"biomesoplenty:blackstone_spines":1,"minecraft:powder_snow":25,"biomesoplenty:brimstone_fumarole":1,"minecraft:torch":18,"minecraft:blast_furnace":1,"minecraft:poppy":16,"minecraft:chest":1,"minecraft:cobblestone":30,"minecraft:oak_planks":7,"minecraft:iron_door":1,"minecraft:wall_torch":4,"minecraft:chain":2,"minecraft:tinted_glass":1,"minecraft:birch_log":4,"minecraft:wheat":2,"biomesoplenty:hair":1,"minecraft:lilac":2,"biomesoplenty:large_rose_quartz_bud":1,"biomesoplenty:maple_leaves":3,"minecraft:orange_tulip":4,"minecraft:stone_brick_stairs":1,"minecraft:grass":55,"minecraft:oak_log":27,"minecraft:sand":4,"minecraft:dirt":26,"minecraft:netherrack":85,"minecraft:ancient_debris":7,"minecraft:deepslate":3,"vampirism:dark_stone_bricks":2,"biomesoplenty:orange_autumn_leaves":4,"biomesoplenty:jacaranda_fence":41,"vampirism:altar_pillar":2,"minecraft:allium":2,"minecraft:spruce_fence":13,"minecraft:spruce_leaves":6,"minecraft:black_stained_glass_pane":2,"biomesoplenty:jacaranda_log":47,"minecraft:waxed_oxidized_cut_copper":26,"minecraft:packed_mud":4,"minecraft:furnace":1,"minecraft:andesite":10,"twilightforest:twilight_oak_leaves":1,"evilcraft:dark_ore":11,"biomesoplenty:flesh":5,"minecraft:gold_block":2,"minecraft:peony":1,"minecraft:bookshelf":9,"minecraft:deepslate_iron_ore":22,"minecraft:vine":1,"biomesoplenty:brimstone_bud":1,"minecraft:respawn_anchor":1,"biomesoplenty:spider_egg":1,"minecraft:stone":209,"minecraft:white_tulip":1,"biomesoplenty:rose_quartz_cluster":1,"minecraft:bone_block":8,"biomesoplenty:jacaranda_fence_gate":6,"minecraft:soul_sand":18,"minecraft:infested_stone_bricks":2,"minecraft:lily_of_the_valley":2,"vampirism:dark_stone_brick_stairs":2,"minecraft:dandelion":9,"minecraft:crafting_table":7,"minecraft:warped_roots":4,"minecraft:tall_grass":2,"minecraft:deepslate_coal_ore":6,"vampirism:vampire_rack":1,"biomesoplenty:sprout":15,"minecraft:deepslate_gold_ore":3,"twilightforest:mayapple":2,"minecraft:diorite":12,"minecraft:spruce_stairs":1,"minecraft:purple_bed":1,"minecraft:birch_planks":1,"minecraft:red_terracotta":1,"minecraft:sweet_berry_bush":3,"minecraft:ice":2,"minecraft:spruce_log":3,"minecraft:birch_leaves":1,"minecraft:coal_ore":56,"biomesoplenty:fir_leaves":5,"minecraft:gravel":1,"minecraft:cobweb":7,"biomesoplenty:stringy_cobweb":1,"minecraft:cracked_stone_bricks":1,"minecraft:terracotta":3,"minecraft:stone_bricks":16,"vampirism:blood_pedestal":1,"minecraft:mossy_stone_bricks":1,"minecraft:fern":4,"vampirism:altar_tip":6},"minecraft:used":{"minecraft:poppy":14,"vampirism:altar_infusion":1,"minecraft:chest":4,"minecraft:shield":3,"minecraft:nether_wart":56,"minecraft:iron_sword":182,"vampirism:blood_container":5,"minecraft:mutton":10,"minecraft:soul_sand":10,"minecraft:allium":2,"minecraft:azure_bluet":2,"minecraft:obsidian":14,"minecraft:lava_bucket":23,"alexsmobs:lobster_tail":1,"minecraft:birch_sapling":2,"minecraft:packed_mud":3,"biomesoplenty:jacaranda_sapling":6,"minecraft:stone_bricks":7,"minecraft:bow":14,"minecraft:written_book":6,"minecraft:sweet_berries":8,"minecraft:furnace":2,"minecraft:egg":3,"biomesoplenty:jacaranda_fence":79,"minecraft:dark_oak_stairs":1,"minecraft:diorite":12,"minecraft:oak_planks":70,"minecraft:stone_pickaxe":20,"minecraft:ender_pearl":1,"minecraft:orange_tulip":2,"minecraft:wooden_pickaxe":9,"minecraft:diamond_axe":216,"minecraft:black_terracotta":2,"vampirism:altar_pillar":18,"minecraft:string":1,"minecraft:bread":15,"tombstone:grave_key":3,"minecraft:gravel":2,"vampirism:dark_stone_bricks":2,"minecraft:diamond_sword":820,"minecraft:andesite":8,"minecraft:oak_boat":3,"minecraft:bone_meal":9,"minecraft:experience_bottle":2,"minecraft:stone_sword":29,"minecraft:white_tulip":1,"minecraft:flint_and_steel":3,"biomesoplenty:jacaranda_fence_gate":7,"minecraft:spruce_planks":12,"minecraft:tinted_glass":1,"minecraft:netherrack":108,"minecraft:torch":33,"minecraft:brewing_stand":1,"minecraft:dirt":115,"biomesoplenty:jacaranda_slab":121,"minecraft:granite":3,"vampirism:vampire_rack":1,"minecraft:shroomlight":1,"minecraft:dark_oak_planks":35,"minecraft:red_tulip":6,"minecraft:iron_axe":94,"minecraft:mud_bricks":9,"minecraft:diamond_chestplate":1,"minecraft:basalt":5,"minecraft:waxed_cut_copper_slab":1,"minecraft:beef":1,"biomesoplenty:blood_bucket":3,"tombstone:gift":5,"minecraft:wheat_seeds":1,"minecraft:cooked_mutton":6,"minecraft:water_bucket":13,"vampirism:altar_inspiration":2,"minecraft:birch_planks":1,"minecraft:glass_bottle":6,"minecraft:baked_potato":12,"minecraft:waxed_oxidized_cut_copper":25,"minecraft:birch_boat":2,"minecraft:brown_mushroom":1,"minecraft:stonecutter":1,"minecraft:cracked_stone_bricks":1,"minecraft:polished_blackstone_bricks":13,"minecraft:terracotta":3,"minecraft:crafting_table":8,"minecraft:oak_log":2,"minecraft:mud":5,"minecraft:ender_eye":17,"minecraft:diamond_pickaxe":344,"minecraft:oxeye_daisy":4,"minecraft:diamond_shovel":75,"minecraft:cracked_polished_blackstone_bricks":19,"minecraft:iron_pickaxe":334,"minecraft:map":1,"minecraft:spruce_sapling":1,"vampirism:altar_tip":12,"minecraft:stone_axe":2,"minecraft:cobblestone":208,"minecraft:potion":2,"minecraft:bucket":41,"minecraft:pumpkin_pie":3,"alexsmobs:animal_dictionary":1,"minecraft:dandelion":8},"minecraft:crafted":{"minecraft:oak_planks":92,"minecraft:blaze_powder":14,"minecraft:birch_boat":2,"minecraft:stone":60,"minecraft:diamond_shovel":1,"minecraft:cooked_mutton":6,"minecraft:glass":54,"minecraft:diamond_helmet":2,"minecraft:diamond_leggings":3,"minecraft:iron_boots":1,"vampirism:altar_inspiration":2,"tombstone:grave_key":1,"minecraft:chest":3,"minecraft:ender_eye":15,"minecraft:glass_bottle":39,"biomesoplenty:jacaranda_planks":188,"minecraft:diamond_axe":1,"minecraft:crafting_table":1,"minecraft:spruce_planks":32,"minecraft:iron_helmet":1,"minecraft:wooden_pickaxe":1,"minecraft:baked_potato":16,"biomesoplenty:jacaranda_fence_gate":4,"minecraft:gold_block":2,"minecraft:brewing_stand":1,"minecraft:birch_planks":16,"biomesoplenty:jacaranda_slab":36,"biomesoplenty:jacaranda_fence":66,"minecraft:iron_chestplate":1,"minecraft:diamond_pickaxe":1,"minecraft:charcoal":4,"minecraft:shield":2,"minecraft:stick":88,"minecraft:iron_ingot":36,"minecraft:iron_pickaxe":2,"minecraft:iron_block":1,"minecraft:stone_sword":1,"vampirism:altar_tip":2,"minecraft:furnace":2,"minecraft:bone_meal":63,"minecraft:flint_and_steel":2,"minecraft:diamond":18,"minecraft:iron_axe":1,"minecraft:stone_pickaxe":1,"minecraft:diamond_boots":2,"minecraft:dark_oak_planks":32,"sophisticatedbackpacks:iron_backpack":1,"minecraft:diamond_sword":1,"minecraft:iron_sword":1,"sophisticatedbackpacks:gold_backpack":1,"minecraft:bucket":2,"minecraft:stone_axe":1,"minecraft:air":0,"vampirism:altar_pillar":11,"minecraft:iron_leggings":1,"minecraft:stonecutter":1,"minecraft:white_bed":1,"vampirism:blood_container":2,"minecraft:torch":24,"minecraft:diamond_chestplate":3},"minecraft:killed":{"vampirism:vampire":1,"minecraft:cave_spider":1,"alexsmobs:lobster":1,"minecraft:spider":6,"minecraft:skeleton":3,"alexsmobs:banana_slug":1,"minecraft:silverfish":10,"alexsmobs:straddler":3,"vampirism:advanced_hunter":1,"vampirism:vampire_baron":2,"minecraft:piglin":4,"alexsmobs:seal":1,"minecraft:iron_golem":3,"alexsmobs:stradpole":1,"alexsmobs:crimson_mosquito":2,"vampirism:hunter":8,"alexsmobs:warped_toad":1,"minecraft:sheep":3,"minecraft:zombie":12,"alexsmobs:terrapin":1,"minecraft:ghast":3,"minecraft:blaze":15,"minecraft:cow":52,"alexsmobs:dropbear":1,"alexsmobs:raccoon":1,"alexsmobs:seagull":1,"minecraft:phantom":1,"alexsmobs:skreecher":2,"twilightforest:kobold":18,"alexsmobs:crocodile":1,"alexsmobs:cockroach":2,"minecraft:wither_skeleton":2,"minecraft:enderman":40},"minecraft:broken":{"minecraft:diamond_helmet":1,"minecraft:iron_pickaxe":1}},"DataVersion":3465}