{"stats":{"minecraft:crafted":{"minecraft:oak_planks":32,"minecraft:shield":1,"minecraft:crafting_table":1,"minecraft:spruce_planks":16,"minecraft:stick":20,"minecraft:wooden_pickaxe":1,"minecraft:iron_ingot":8,"minecraft:baked_potato":16,"minecraft:iron_pickaxe":1,"minecraft:stone_pickaxe":1,"minecraft:stone_sword":1,"minecraft:iron_sword":1,"minecraft:iron_leggings":1,"minecraft:furnace":1,"minecraft:white_bed":1,"minecraft:torch":24,"minecraft:stone_axe":1,"minecraft:cooked_mutton":6},"minecraft:mined":{"minecraft:purple_bed":1,"minecraft:iron_ore":31,"minecraft:andesite":1,"evilcraft:dark_ore":11,"minecraft:crafting_table":1,"minecraft:grass":1,"minecraft:oak_log":10,"minecraft:coal_ore":32,"minecraft:stone":46},"minecraft:picked_up":{"minecraft:crafting_table":1,"minecraft:raw_iron":31,"minecraft:andesite":1,"minecraft:oak_log":10,"minecraft:bone":2,"minecraft:arrow":2,"minecraft:purple_bed":1,"minecraft:rotten_flesh":6,"minecraft:wheat_seeds":1,"evilcraft:dark_gem":46,"minecraft:iron_ingot":5,"minecraft:poppy":2,"minecraft:birch_sapling":2,"minecraft:mutton":6,"minecraft:coal":32,"minecraft:white_wool":3,"minecraft:cobblestone":56,"minecraft:egg":1},"minecraft:custom":{"minecraft:time_since_rest":925,"minecraft:interact_with_furnace":12,"minecraft:sprint_one_cm":103997,"minecraft:damage_taken":976,"minecraft:walk_one_cm":99857,"minecraft:mob_kills":9,"minecraft:damage_dealt":2508,"minecraft:interact_with_crafting_table":10,"minecraft:swim_one_cm":21002,"minecraft:fly_one_cm":35280,"minecraft:play_time":29469,"minecraft:crouch_one_cm":3525,"minecraft:open_chest":5,"minecraft:sneak_time":1262,"tombstone:undead_killed":5,"minecraft:deaths":1,"minecraft:walk_under_water_one_cm":12997,"minecraft:jump":377,"minecraft:interact_with_grindstone":1,"minecraft:leave_game":2,"minecraft:time_since_death":3324,"minecraft:walk_on_water_one_cm":9005,"minecraft:total_world_time":29469,"minecraft:climb_one_cm":630,"minecraft:fall_one_cm":13208},"minecraft:killed":{"minecraft:sheep":3,"minecraft:skeleton":1,"minecraft:zombie":4,"minecraft:iron_golem":1},"minecraft:used":{"minecraft:cooked_mutton":1,"minecraft:oak_log":2,"minecraft:stone_sword":29,"minecraft:oak_planks":14,"minecraft:stone_pickaxe":20,"minecraft:baked_potato":8,"minecraft:bread":1,"minecraft:birch_sapling":2,"minecraft:iron_pickaxe":92,"minecraft:map":1,"minecraft:wooden_pickaxe":9,"minecraft:torch":2,"minecraft:iron_sword":40,"minecraft:stone_axe":1,"minecraft:crafting_table":2,"minecraft:furnace":1,"alexsmobs:animal_dictionary":1,"minecraft:egg":1}},"DataVersion":3465}