{"stats":{"minecraft:crafted":{"minecraft:oak_planks":32,"minecraft:crafting_table":1,"minecraft:spruce_planks":16,"minecraft:wooden_pickaxe":1,"minecraft:baked_potato":16,"minecraft:iron_helmet":1,"minecraft:iron_sword":1,"minecraft:furnace":1,"minecraft:stone_axe":1,"minecraft:cooked_mutton":6,"minecraft:iron_boots":1,"minecraft:iron_chestplate":1,"minecraft:shield":1,"minecraft:stick":20,"minecraft:iron_ingot":31,"minecraft:iron_pickaxe":1,"minecraft:stone_pickaxe":1,"minecraft:stone_sword":1,"minecraft:iron_leggings":1,"minecraft:white_bed":1,"minecraft:torch":24},"minecraft:mined":{"minecraft:deepslate_redstone_ore":1,"minecraft:crafting_table":2,"minecraft:deepslate_coal_ore":6,"minecraft:deepslate_gold_ore":3,"minecraft:purple_bed":1,"minecraft:iron_ore":39,"minecraft:andesite":1,"evilcraft:dark_ore":11,"minecraft:deepslate_lapis_ore":1,"minecraft:deepslate_iron_ore":18,"minecraft:grass":1,"minecraft:coal_ore":44,"minecraft:oak_log":10,"minecraft:stone":46,"minecraft:deepslate":3},"minecraft:dropped":{"minecraft:iron_pickaxe":1},"minecraft:picked_up":{"minecraft:crafting_table":2,"minecraft:andesite":1,"minecraft:oak_log":10,"minecraft:lapis_lazuli":9,"minecraft:bone":4,"minecraft:wheat_seeds":1,"minecraft:cobbled_deepslate":3,"minecraft:raw_gold":3,"minecraft:iron_ingot":5,"minecraft:poppy":2,"minecraft:iron_pickaxe":1,"minecraft:birch_sapling":2,"minecraft:egg":1,"minecraft:raw_iron":57,"minecraft:redstone":5,"minecraft:purple_bed":1,"minecraft:arrow":5,"minecraft:rotten_flesh":7,"evilcraft:dark_gem":46,"minecraft:mutton":6,"minecraft:coal":50,"minecraft:white_wool":3,"minecraft:cobblestone":56},"minecraft:custom":{"minecraft:interact_with_furnace":16,"minecraft:mob_kills":15,"minecraft:interact_with_crafting_table":11,"minecraft:interact_with_grindstone":1,"minecraft:leave_game":2,"minecraft:time_since_death":15324,"minecraft:climb_one_cm":630,"minecraft:time_since_rest":12925,"minecraft:sprint_one_cm":164390,"minecraft:damage_taken":1256,"minecraft:walk_one_cm":145499,"minecraft:drop":1,"minecraft:damage_dealt":3691,"minecraft:swim_one_cm":21002,"minecraft:fly_one_cm":63275,"minecraft:open_chest":5,"minecraft:crouch_one_cm":3525,"minecraft:play_time":41469,"tombstone:undead_killed":10,"minecraft:deaths":1,"minecraft:sneak_time":1262,"minecraft:walk_under_water_one_cm":19550,"minecraft:jump":655,"minecraft:walk_on_water_one_cm":12370,"minecraft:total_world_time":41469,"minecraft:fall_one_cm":18263},"minecraft:killed":{"minecraft:iron_golem":1,"minecraft:sheep":3,"minecraft:skeleton":3,"alexsmobs:cockroach":1,"minecraft:zombie":7},"minecraft:used":{"minecraft:cooked_mutton":2,"minecraft:stone_sword":29,"minecraft:stone_pickaxe":20,"minecraft:baked_potato":12,"minecraft:oak_planks":14,"minecraft:wooden_pickaxe":9,"minecraft:iron_sword":80,"minecraft:torch":2,"minecraft:crafting_table":3,"minecraft:oak_log":2,"minecraft:bread":1,"minecraft:birch_sapling":2,"minecraft:iron_pickaxe":146,"minecraft:map":1,"minecraft:stone_axe":2,"minecraft:cobblestone":2,"minecraft:furnace":1,"minecraft:andesite":1,"tombstone:gift":1,"alexsmobs:animal_dictionary":1,"minecraft:egg":1}},"DataVersion":3465}