{"stats":{"minecraft:crafted":{"minecraft:stone_sword":1,"minecraft:furnace":1,"minecraft:oak_planks":32,"minecraft:crafting_table":1,"minecraft:stone_axe":1,"minecraft:stick":12,"minecraft:wooden_pickaxe":1,"minecraft:stone_pickaxe":1},"minecraft:mined":{"minecraft:grass":1,"minecraft:oak_log":10,"minecraft:stone":18,"minecraft:crafting_table":1},"minecraft:picked_up":{"minecraft:crafting_table":1,"minecraft:wheat_seeds":1,"minecraft:oak_log":10,"minecraft:mutton":6,"minecraft:white_wool":3,"minecraft:birch_sapling":2,"minecraft:cobblestone":18,"minecraft:egg":1},"minecraft:custom":{"minecraft:time_since_rest":6084,"minecraft:play_time":6084,"minecraft:sprint_one_cm":20441,"minecraft:damage_taken":10,"minecraft:walk_one_cm":12392,"minecraft:walk_under_water_one_cm":373,"minecraft:mob_kills":3,"minecraft:jump":38,"minecraft:damage_dealt":240,"minecraft:walk_on_water_one_cm":146,"minecraft:time_since_death":6084,"minecraft:total_world_time":6084,"minecraft:swim_one_cm":2455,"minecraft:interact_with_crafting_table":3,"minecraft:fall_one_cm":962,"minecraft:fly_one_cm":3550},"minecraft:killed":{"minecraft:sheep":3},"minecraft:used":{"minecraft:oak_log":2,"minecraft:stone_axe":1,"minecraft:stone_sword":7,"minecraft:crafting_table":1,"minecraft:stone_pickaxe":9,"alexsmobs:animal_dictionary":1,"minecraft:wooden_pickaxe":9}},"DataVersion":3465}