{"stats":{"minecraft:crafted":{"minecraft:oak_planks":16,"minecraft:crafting_table":1,"minecraft:wooden_pickaxe":1,"minecraft:birch_planks":184,"minecraft:stone_axe":1,"minecraft:oak_boat":1,"minecraft:stick":12,"minecraft:stone_pickaxe":1,"minecraft:stone_sword":1,"minecraft:white_bed":1,"minecraft:torch":12},"minecraft:mined":{"minecraft:spruce_planks":4,"minecraft:white_bed":1,"minecraft:black_terracotta":3,"minecraft:dandelion":7,"minecraft:crafting_table":3,"minecraft:torch":14,"minecraft:grass_block":1,"minecraft:poppy":8,"minecraft:sculk_sensor":1,"minecraft:cobblestone":3,"minecraft:mud_brick_wall":1,"minecraft:mud_bricks":11,"minecraft:wall_torch":7,"minecraft:waxed_oxidized_cut_copper":5,"minecraft:packed_mud":3,"minecraft:cobblestone_wall":1,"minecraft:tinted_glass":1,"biomesoplenty:toadstool":17,"minecraft:birch_log":46,"minecraft:iron_ore":7,"biomesoplenty:violet":1,"minecraft:spruce_log":2,"biomesoplenty:umbran_log":32,"minecraft:wither_rose":3,"minecraft:grass":30,"minecraft:bookshelf":1,"minecraft:oak_log":39,"minecraft:coal_ore":15,"minecraft:vine":1,"minecraft:dirt":7,"minecraft:sand":21,"minecraft:stone":24,"minecraft:waxed_exposed_cut_copper":1,"minecraft:oak_leaves":3,"minecraft:fern":17},"minecraft:dropped":{"minecraft:stone_sword":1,"minecraft:cobblestone_wall":1,"minecraft:wooden_pickaxe":1,"minecraft:string":2},"minecraft:picked_up":{"minecraft:birch_log":46,"minecraft:waxed_oxidized_cut_copper":4,"minecraft:crafting_table":3,"minecraft:mud_bricks":11,"minecraft:lilac":1,"minecraft:chicken":2,"minecraft:leather":2,"minecraft:wooden_pickaxe":1,"biomesoplenty:violet":1,"minecraft:wither_rose":3,"minecraft:oak_log":34,"minecraft:cobblestone_wall":1,"minecraft:string":4,"minecraft:dirt":8,"evilcraft:poison_sac":2,"minecraft:wheat_seeds":1,"minecraft:beef":2,"minecraft:oak_boat":2,"minecraft:poppy":8,"minecraft:tinted_glass":1,"biomesoplenty:umbran_log":32,"biomesoplenty:toadstool":15,"minecraft:raw_iron":7,"minecraft:torch":18,"minecraft:dandelion":4,"minecraft:porkchop":9,"minecraft:sand":20,"minecraft:white_bed":1,"minecraft:spruce_log":2,"minecraft:stone_sword":1,"minecraft:gray_wool":2,"minecraft:mutton":10,"minecraft:coal":15,"minecraft:white_wool":6,"minecraft:cobblestone":26},"minecraft:custom":{"minecraft:mob_kills":20,"minecraft:inspect_hopper":1,"minecraft:interact_with_crafting_table":8,"minecraft:open_barrel":4,"minecraft:leave_game":1,"minecraft:time_since_death":46115,"minecraft:sleep_in_bed":1,"minecraft:climb_one_cm":2002,"minecraft:time_since_rest":35092,"minecraft:sprint_one_cm":200722,"minecraft:open_enderchest":1,"minecraft:damage_taken":510,"minecraft:walk_one_cm":73577,"minecraft:drop":5,"minecraft:damage_dealt":1708,"minecraft:swim_one_cm":3382,"minecraft:fly_one_cm":137751,"minecraft:open_chest":6,"minecraft:crouch_one_cm":1433,"minecraft:play_time":46115,"tombstone:undead_killed":1,"minecraft:sneak_time":685,"minecraft:walk_under_water_one_cm":525,"minecraft:boat_one_cm":23265,"minecraft:jump":744,"minecraft:walk_on_water_one_cm":1844,"minecraft:total_world_time":46115,"minecraft:fall_one_cm":17770},"minecraft:killed":{"minecraft:pig":5,"minecraft:spider":1,"minecraft:sheep":8,"evilcraft:poisonous_libelle":2,"minecraft:zombie":1,"minecraft:chicken":2,"minecraft:cow":1},"minecraft:used":{"minecraft:cooked_mutton":2,"minecraft:stone_sword":142,"minecraft:birch_planks":77,"minecraft:stone_pickaxe":80,"minecraft:oak_planks":3,"minecraft:wooden_pickaxe":6,"minecraft:torch":21,"minecraft:dirt":8,"minecraft:sand":20,"minecraft:crafting_table":3,"minecraft:carrot":1,"minecraft:white_bed":1,"minecraft:apple":1,"minecraft:bread":6,"minecraft:mud_bricks":1,"minecraft:stone_axe":128,"minecraft:cobblestone":18,"minecraft:beef":2,"minecraft:porkchop":7,"alexsmobs:animal_dictionary":1,"minecraft:oak_boat":2,"minecraft:cooked_beef":1}},"DataVersion":3465}