{"stats":{"minecraft:mined":{"minecraft:white_bed":1,"minecraft:dandelion":7,"minecraft:crafting_table":3,"minecraft:torch":6,"minecraft:grass_block":1,"minecraft:poppy":8,"minecraft:cobblestone":3,"minecraft:wall_torch":1,"biomesoplenty:toadstool":17,"minecraft:birch_log":2,"minecraft:iron_ore":7,"minecraft:spruce_log":2,"biomesoplenty:violet":1,"biomesoplenty:umbran_log":32,"minecraft:wither_rose":3,"minecraft:grass":17,"minecraft:coal_ore":15,"minecraft:oak_log":4,"minecraft:vine":1,"minecraft:sand":21,"minecraft:dirt":7,"minecraft:stone":24,"minecraft:fern":17},"minecraft:used":{"minecraft:stone_sword":115,"minecraft:stone_pickaxe":53,"minecraft:wooden_pickaxe":6,"minecraft:torch":7,"minecraft:dirt":5,"minecraft:sand":10,"minecraft:crafting_table":3,"minecraft:white_bed":1,"minecraft:apple":1,"minecraft:bread":2,"minecraft:stone_axe":37,"minecraft:cobblestone":15,"minecraft:beef":2,"minecraft:porkchop":7,"minecraft:oak_boat":1,"alexsmobs:animal_dictionary":1},"minecraft:crafted":{"minecraft:oak_planks":16,"minecraft:crafting_table":1,"minecraft:wooden_pickaxe":1,"minecraft:birch_planks":8,"minecraft:stone_axe":1,"minecraft:oak_boat":1,"minecraft:stick":12,"minecraft:stone_pickaxe":1,"minecraft:stone_sword":1,"minecraft:white_bed":1,"minecraft:torch":12},"minecraft:killed":{"minecraft:pig":5,"minecraft:sheep":8,"minecraft:chicken":2,"minecraft:cow":1},"minecraft:custom":{"minecraft:mob_kills":16,"minecraft:interact_with_crafting_table":8,"minecraft:open_barrel":4,"minecraft:leave_game":1,"minecraft:time_since_death":28576,"minecraft:sleep_in_bed":1,"minecraft:climb_one_cm":2002,"minecraft:time_since_rest":17553,"minecraft:sprint_one_cm":134235,"minecraft:damage_taken":110,"minecraft:walk_one_cm":35065,"minecraft:drop":1,"minecraft:damage_dealt":1339,"minecraft:swim_one_cm":3382,"minecraft:fly_one_cm":99367,"minecraft:open_chest":5,"minecraft:crouch_one_cm":674,"minecraft:play_time":28576,"minecraft:sneak_time":195,"minecraft:walk_under_water_one_cm":525,"minecraft:boat_one_cm":19350,"minecraft:jump":451,"minecraft:walk_on_water_one_cm":1793,"minecraft:total_world_time":28576,"minecraft:fall_one_cm":12990},"minecraft:picked_up":{"minecraft:birch_log":2,"minecraft:crafting_table":3,"minecraft:lilac":1,"minecraft:chicken":2,"minecraft:leather":2,"minecraft:wooden_pickaxe":1,"biomesoplenty:violet":1,"minecraft:wither_rose":3,"minecraft:oak_log":4,"minecraft:dirt":8,"minecraft:wheat_seeds":1,"minecraft:beef":2,"minecraft:oak_boat":1,"minecraft:poppy":8,"biomesoplenty:umbran_log":32,"biomesoplenty:toadstool":15,"minecraft:raw_iron":7,"minecraft:torch":7,"minecraft:dandelion":4,"minecraft:porkchop":9,"minecraft:sand":20,"minecraft:spruce_log":2,"minecraft:white_bed":1,"minecraft:gray_wool":2,"minecraft:mutton":10,"minecraft:coal":15,"minecraft:white_wool":6,"minecraft:cobblestone":26},"minecraft:dropped":{"minecraft:wooden_pickaxe":1}},"DataVersion":3465}