{"stats":{"minecraft:crafted":{"minecraft:wooden_sword":1,"minecraft:oak_planks":192,"minecraft:diamond_helmet":1,"minecraft:diamond_leggings":1,"minecraft:bow":1,"minecraft:iron_axe":2,"minecraft:stone_pickaxe":1,"minecraft:chest":2,"minecraft:diamond_sword":1,"minecraft:crafting_table":7,"minecraft:wooden_pickaxe":1,"minecraft:gold_block":7,"minecraft:birch_planks":184,"minecraft:stone_axe":1,"minecraft:oak_boat":2,"minecraft:diamond_pickaxe":1,"minecraft:stick":28,"minecraft:iron_block":5,"minecraft:stone_sword":1,"minecraft:white_bed":1,"minecraft:torch":12,"minecraft:diamond_chestplate":1},"minecraft:mined":{"minecraft:dark_oak_planks":39,"minecraft:waxed_cut_copper_slab":2,"minecraft:spruce_planks":13,"minecraft:white_bed":1,"minecraft:black_terracotta":13,"minecraft:lever":1,"minecraft:cave_vines_plant":3,"minecraft:allium":1,"minecraft:grass_block":12,"minecraft:spruce_leaves":13,"minecraft:mud_bricks":39,"minecraft:mud_brick_wall":1,"minecraft:moss_block":2,"minecraft:spawner":3,"minecraft:waxed_oxidized_cut_copper":14,"minecraft:packed_mud":19,"biomesoplenty:toadstool":17,"minecraft:iron_ore":7,"minecraft:sticky_piston":1,"minecraft:waxed_oxidized_cut_copper_slab":2,"biomesoplenty:violet":1,"minecraft:stripped_dark_oak_wood":2,"minecraft:bookshelf":88,"minecraft:vine":1,"minecraft:cave_vines":4,"minecraft:flowering_azalea_leaves":11,"minecraft:stone":24,"minecraft:spruce_slab":2,"minecraft:scaffolding":16,"minecraft:dandelion":9,"minecraft:soul_lantern":1,"minecraft:crafting_table":3,"minecraft:cyan_stained_glass_pane":2,"minecraft:torch":18,"minecraft:note_block":2,"minecraft:poppy":8,"minecraft:sculk_sensor":1,"minecraft:tall_grass":17,"minecraft:cobblestone":3,"minecraft:oak_planks":5,"minecraft:wall_torch":9,"minecraft:cobblestone_wall":1,"minecraft:birch_log":46,"minecraft:tinted_glass":4,"minecraft:spruce_log":52,"biomesoplenty:umbran_log":32,"minecraft:dark_prismarine_slab":1,"minecraft:wither_rose":3,"minecraft:grass":119,"minecraft:coal_ore":15,"minecraft:oak_log":53,"minecraft:sand":30,"minecraft:dirt":8,"minecraft:small_dripleaf":1,"minecraft:waxed_exposed_cut_copper":4,"minecraft:oak_leaves":3,"minecraft:fern":17},"minecraft:broken":{"minecraft:iron_axe":1,"minecraft:wooden_sword":1,"minecraft:stone_axe":1},"minecraft:dropped":{"minecraft:wheat_seeds":6,"vampirism:item_tent":1,"minecraft:emerald":1,"minecraft:packed_mud":12,"tombstone:grave_key":2,"tombstone:grave_dust":4,"minecraft:string":2,"minecraft:white_wool":3,"minecraft:dandelion":1,"minecraft:bone":4,"minecraft:waxed_cut_copper_slab":1,"biomesoplenty:toadstool":15,"minecraft:note_block":1,"minecraft:cobblestone_wall":1,"minecraft:stone_sword":2,"minecraft:tinted_glass":1,"minecraft:rotten_flesh":4,"evilcraft:poison_sac":2,"minecraft:mud_bricks":12,"minecraft:allium":1,"minecraft:bundle":1,"minecraft:spruce_log":2,"minecraft:wooden_pickaxe":2,"minecraft:stone_pickaxe":1},"minecraft:picked_up":{"minecraft:waxed_oxidized_cut_copper":11,"minecraft:crafting_table":3,"minecraft:allium":1,"minecraft:chicken":2,"minecraft:redstone_lamp":1,"minecraft:wooden_pickaxe":1,"minecraft:wither_rose":3,"biomesoplenty:violet":1,"minecraft:enchanted_book":1,"tombstone:grave_key":2,"minecraft:string":6,"minecraft:waxed_cut_copper_slab":1,"evilcraft:poison_sac":2,"minecraft:sticky_piston":1,"minecraft:spruce_planks":2,"minecraft:waxed_exposed_cut_copper":2,"minecraft:beef":19,"minecraft:oak_boat":6,"minecraft:player_head":1,"minecraft:poppy":8,"minecraft:tinted_glass":1,"minecraft:stick":2,"minecraft:raw_iron":14,"minecraft:glow_item_frame":1,"minecraft:torch":32,"minecraft:note_block":1,"minecraft:porkchop":10,"tombstone:grave_dust":8,"minecraft:dark_oak_planks":12,"minecraft:stone_sword":1,"minecraft:arrow":4,"minecraft:rotten_flesh":4,"minecraft:stripped_dark_oak_wood":1,"minecraft:mutton":10,"minecraft:white_wool":6,"minecraft:cobblestone":26,"minecraft:birch_log":46,"minecraft:mud_bricks":46,"minecraft:lilac":1,"vampirism:item_tent":1,"minecraft:leather":11,"minecraft:mud_brick_stairs":1,"minecraft:birch_planks":36,"minecraft:packed_mud":19,"minecraft:oak_log":48,"minecraft:warped_trapdoor":1,"minecraft:gunpowder":2,"minecraft:cobblestone_wall":1,"minecraft:dirt":20,"tombstone:gift":1,"minecraft:bone":6,"minecraft:wheat_seeds":9,"minecraft:oak_planks":4,"biomesoplenty:umbran_log":32,"minecraft:book":188,"biomesoplenty:toadstool":15,"minecraft:scaffolding":30,"minecraft:black_terracotta":1,"minecraft:dandelion":5,"minecraft:sand":30,"minecraft:spruce_sapling":3,"minecraft:grass_block":1,"minecraft:white_bed":1,"minecraft:spruce_log":47,"minecraft:spider_eye":1,"minecraft:bundle":1,"minecraft:gray_wool":2,"minecraft:emerald":1,"minecraft:coal":15,"minecraft:ender_pearl":2},"minecraft:custom":{"minecraft:mob_kills":52,"minecraft:inspect_hopper":1,"minecraft:interact_with_crafting_table":19,"minecraft:open_barrel":8,"minecraft:leave_game":1,"minecraft:time_since_death":18020,"minecraft:climb_one_cm":5978,"minecraft:sprint_one_cm":425805,"minecraft:walk_one_cm":210132,"minecraft:drop":36,"minecraft:play_noteblock":2,"minecraft:deaths":10,"minecraft:play_time":130115,"minecraft:sneak_time":9387,"minecraft:walk_under_water_one_cm":5178,"minecraft:boat_one_cm":137205,"minecraft:jump":1913,"minecraft:walk_on_water_one_cm":11386,"minecraft:total_world_time":130115,"tombstone:raider_killed":1,"minecraft:sleep_in_bed":1,"minecraft:time_since_rest":17655,"minecraft:waystone_activated":2,"minecraft:open_enderchest":1,"minecraft:damage_taken":4256,"minecraft:damage_absorbed":40,"tombstone:sneak_grave":1,"minecraft:damage_dealt":8198,"minecraft:swim_one_cm":15752,"minecraft:fly_one_cm":295993,"minecraft:open_chest":17,"minecraft:crouch_one_cm":17616,"tombstone:undead_killed":17,"minecraft:fall_one_cm":48428},"minecraft:killed":{"vampirism:vampire":1,"minecraft:spider":2,"minecraft:skeleton":4,"minecraft:chicken":2,"minecraft:pig":6,"minecraft:ravager":1,"minecraft:creeper":1,"minecraft:sheep":8,"minecraft:zombie":13,"evilcraft:poisonous_libelle":2,"minecraft:enderman":3,"minecraft:cow":8},"minecraft:used":{"minecraft:stone_sword":201,"minecraft:chest":2,"minecraft:spruce_planks":2,"minecraft:player_head":1,"minecraft:torch":28,"minecraft:dirt":20,"minecraft:mutton":8,"minecraft:carrot":1,"minecraft:dark_oak_planks":8,"minecraft:stripped_dark_oak_wood":3,"minecraft:iron_axe":267,"minecraft:packed_mud":7,"minecraft:mud_bricks":28,"minecraft:golden_carrot":3,"minecraft:bow":4,"minecraft:beef":14,"minecraft:scaffolding":20,"tombstone:gift":9,"minecraft:cooked_beef":1,"minecraft:cooked_mutton":2,"minecraft:birch_planks":164,"minecraft:stone_pickaxe":101,"minecraft:oak_planks":84,"minecraft:waxed_oxidized_cut_copper":11,"minecraft:wooden_pickaxe":6,"minecraft:golden_apple":1,"minecraft:sand":28,"minecraft:crafting_table":10,"minecraft:white_bed":2,"minecraft:black_terracotta":1,"minecraft:diamond_pickaxe":71,"minecraft:apple":1,"minecraft:bread":6,"tombstone:grave_key":1,"minecraft:stone_axe":136,"minecraft:diamond_sword":25,"minecraft:wooden_sword":59,"minecraft:cobblestone":18,"minecraft:porkchop":7,"minecraft:oak_boat":6,"alexsmobs:animal_dictionary":1}},"DataVersion":3465}