{"stats":{"minecraft:crafted":{"minecraft:oak_planks":136,"minecraft:bow":1,"minecraft:iron_axe":1,"minecraft:stone_pickaxe":1,"minecraft:crafting_table":3,"minecraft:wooden_pickaxe":1,"minecraft:birch_planks":184,"minecraft:stone_axe":1,"minecraft:oak_boat":1,"minecraft:diamond_pickaxe":1,"minecraft:stick":20,"minecraft:stone_sword":1,"minecraft:white_bed":1,"minecraft:torch":12,"minecraft:diamond_chestplate":1},"minecraft:mined":{"minecraft:dark_oak_planks":37,"minecraft:waxed_cut_copper_slab":2,"minecraft:spruce_planks":13,"minecraft:white_bed":1,"minecraft:black_terracotta":13,"minecraft:lever":1,"minecraft:cave_vines_plant":3,"minecraft:grass_block":1,"minecraft:mud_bricks":36,"minecraft:mud_brick_wall":1,"minecraft:moss_block":2,"minecraft:spawner":1,"minecraft:waxed_oxidized_cut_copper":14,"minecraft:packed_mud":17,"biomesoplenty:toadstool":17,"minecraft:iron_ore":7,"minecraft:sticky_piston":1,"minecraft:waxed_oxidized_cut_copper_slab":2,"biomesoplenty:violet":1,"minecraft:stripped_dark_oak_wood":1,"minecraft:bookshelf":88,"minecraft:vine":1,"minecraft:cave_vines":4,"minecraft:flowering_azalea_leaves":11,"minecraft:stone":24,"minecraft:spruce_slab":2,"minecraft:dandelion":7,"minecraft:soul_lantern":1,"minecraft:crafting_table":3,"minecraft:cyan_stained_glass_pane":2,"minecraft:torch":18,"minecraft:note_block":2,"minecraft:poppy":8,"minecraft:sculk_sensor":1,"minecraft:cobblestone":3,"minecraft:oak_planks":5,"minecraft:wall_torch":9,"minecraft:cobblestone_wall":1,"minecraft:birch_log":46,"minecraft:tinted_glass":4,"minecraft:spruce_log":2,"biomesoplenty:umbran_log":32,"minecraft:dark_prismarine_slab":1,"minecraft:wither_rose":3,"minecraft:grass":30,"minecraft:coal_ore":15,"minecraft:oak_log":39,"minecraft:sand":21,"minecraft:dirt":7,"minecraft:waxed_exposed_cut_copper":3,"minecraft:oak_leaves":3,"minecraft:fern":17},"minecraft:broken":{"minecraft:stone_axe":1},"minecraft:dropped":{"tombstone:grave_dust":4,"minecraft:string":2,"minecraft:white_wool":3,"minecraft:waxed_cut_copper_slab":1,"biomesoplenty:toadstool":15,"minecraft:note_block":1,"minecraft:cobblestone_wall":1,"minecraft:stone_sword":1,"minecraft:tinted_glass":1,"minecraft:rotten_flesh":4,"evilcraft:poison_sac":2,"minecraft:mud_bricks":12,"minecraft:spruce_log":2,"minecraft:wooden_pickaxe":2,"minecraft:stone_pickaxe":1},"minecraft:picked_up":{"minecraft:waxed_oxidized_cut_copper":11,"minecraft:crafting_table":3,"minecraft:chicken":2,"minecraft:wooden_pickaxe":1,"minecraft:wither_rose":3,"biomesoplenty:violet":1,"minecraft:enchanted_book":1,"minecraft:string":6,"minecraft:waxed_cut_copper_slab":1,"evilcraft:poison_sac":2,"minecraft:sticky_piston":1,"minecraft:spruce_planks":2,"minecraft:beef":2,"minecraft:oak_boat":2,"minecraft:poppy":8,"minecraft:tinted_glass":1,"minecraft:raw_iron":7,"minecraft:torch":24,"minecraft:note_block":1,"minecraft:porkchop":9,"tombstone:grave_dust":6,"minecraft:dark_oak_planks":2,"minecraft:stone_sword":1,"minecraft:arrow":3,"minecraft:rotten_flesh":4,"minecraft:mutton":10,"minecraft:white_wool":6,"minecraft:cobblestone":26,"minecraft:birch_log":46,"minecraft:mud_bricks":35,"minecraft:lilac":1,"minecraft:leather":2,"minecraft:birch_planks":36,"minecraft:packed_mud":8,"minecraft:oak_log":34,"minecraft:cobblestone_wall":1,"minecraft:dirt":8,"tombstone:gift":1,"minecraft:bone":2,"minecraft:wheat_seeds":1,"minecraft:oak_planks":4,"biomesoplenty:umbran_log":32,"minecraft:book":188,"biomesoplenty:toadstool":15,"minecraft:dandelion":4,"minecraft:sand":20,"minecraft:white_bed":1,"minecraft:spruce_log":2,"minecraft:spider_eye":1,"minecraft:gray_wool":2,"minecraft:coal":15},"minecraft:custom":{"minecraft:mob_kills":32,"minecraft:inspect_hopper":1,"minecraft:interact_with_crafting_table":11,"minecraft:open_barrel":6,"minecraft:leave_game":1,"minecraft:time_since_death":70115,"minecraft:climb_one_cm":2842,"minecraft:sprint_one_cm":228226,"minecraft:walk_one_cm":121161,"minecraft:drop":18,"minecraft:play_noteblock":2,"minecraft:play_time":70115,"minecraft:sneak_time":7697,"minecraft:walk_under_water_one_cm":525,"minecraft:boat_one_cm":23265,"minecraft:jump":897,"minecraft:walk_on_water_one_cm":1844,"minecraft:total_world_time":70115,"tombstone:raider_killed":1,"minecraft:sleep_in_bed":1,"minecraft:time_since_rest":59092,"minecraft:open_enderchest":1,"minecraft:damage_taken":895,"minecraft:damage_dealt":3900,"minecraft:swim_one_cm":3382,"minecraft:fly_one_cm":145525,"minecraft:open_chest":9,"minecraft:crouch_one_cm":14838,"tombstone:undead_killed":11,"minecraft:fall_one_cm":18790},"minecraft:killed":{"minecraft:spider":2,"minecraft:skeleton":2,"minecraft:chicken":2,"minecraft:pig":5,"minecraft:ravager":1,"minecraft:sheep":8,"minecraft:zombie":9,"evilcraft:poisonous_libelle":2,"minecraft:cow":1},"minecraft:used":{"minecraft:stone_sword":201,"minecraft:spruce_planks":2,"minecraft:torch":28,"minecraft:dirt":8,"minecraft:mutton":8,"minecraft:carrot":1,"minecraft:dark_oak_planks":2,"minecraft:iron_axe":169,"minecraft:packed_mud":2,"minecraft:mud_bricks":23,"minecraft:bow":3,"minecraft:beef":2,"tombstone:gift":2,"minecraft:cooked_beef":1,"minecraft:cooked_mutton":2,"minecraft:birch_planks":164,"minecraft:stone_pickaxe":101,"minecraft:oak_planks":49,"minecraft:waxed_oxidized_cut_copper":11,"minecraft:wooden_pickaxe":6,"minecraft:sand":20,"minecraft:crafting_table":6,"minecraft:white_bed":1,"minecraft:diamond_pickaxe":57,"minecraft:apple":1,"minecraft:bread":6,"minecraft:stone_axe":136,"minecraft:cobblestone":18,"minecraft:porkchop":7,"minecraft:oak_boat":2,"alexsmobs:animal_dictionary":1}},"DataVersion":3465}