{"stats":{"minecraft:crafted":{"minecraft:wooden_sword":1,"minecraft:oak_planks":192,"minecraft:bow":1,"minecraft:iron_axe":1,"minecraft:stone_pickaxe":1,"minecraft:chest":2,"minecraft:crafting_table":6,"minecraft:wooden_pickaxe":1,"minecraft:birch_planks":184,"minecraft:stone_axe":1,"minecraft:oak_boat":2,"minecraft:diamond_pickaxe":1,"minecraft:stick":24,"minecraft:stone_sword":1,"minecraft:white_bed":1,"minecraft:torch":12,"minecraft:diamond_chestplate":1},"minecraft:mined":{"minecraft:dark_oak_planks":39,"minecraft:waxed_cut_copper_slab":2,"minecraft:spruce_planks":13,"minecraft:white_bed":1,"minecraft:black_terracotta":13,"minecraft:lever":1,"minecraft:cave_vines_plant":3,"minecraft:allium":1,"minecraft:grass_block":12,"minecraft:mud_bricks":39,"minecraft:mud_brick_wall":1,"minecraft:moss_block":2,"minecraft:spawner":3,"minecraft:waxed_oxidized_cut_copper":14,"minecraft:packed_mud":19,"biomesoplenty:toadstool":17,"minecraft:iron_ore":7,"minecraft:sticky_piston":1,"minecraft:waxed_oxidized_cut_copper_slab":2,"biomesoplenty:violet":1,"minecraft:stripped_dark_oak_wood":1,"minecraft:bookshelf":88,"minecraft:vine":1,"minecraft:cave_vines":4,"minecraft:flowering_azalea_leaves":11,"minecraft:stone":24,"minecraft:spruce_slab":2,"minecraft:scaffolding":16,"minecraft:dandelion":9,"minecraft:soul_lantern":1,"minecraft:crafting_table":3,"minecraft:cyan_stained_glass_pane":2,"minecraft:torch":18,"minecraft:note_block":2,"minecraft:poppy":8,"minecraft:sculk_sensor":1,"minecraft:tall_grass":3,"minecraft:cobblestone":3,"minecraft:oak_planks":5,"minecraft:wall_torch":9,"minecraft:cobblestone_wall":1,"minecraft:birch_log":46,"minecraft:tinted_glass":4,"minecraft:spruce_log":2,"biomesoplenty:umbran_log":32,"minecraft:dark_prismarine_slab":1,"minecraft:wither_rose":3,"minecraft:grass":113,"minecraft:coal_ore":15,"minecraft:oak_log":53,"minecraft:sand":30,"minecraft:dirt":8,"minecraft:small_dripleaf":1,"minecraft:waxed_exposed_cut_copper":4,"minecraft:oak_leaves":3,"minecraft:fern":17},"minecraft:broken":{"minecraft:iron_axe":1,"minecraft:wooden_sword":1,"minecraft:stone_axe":1},"minecraft:dropped":{"minecraft:wheat_seeds":6,"minecraft:emerald":1,"minecraft:packed_mud":12,"tombstone:grave_key":2,"tombstone:grave_dust":4,"minecraft:string":2,"minecraft:white_wool":3,"minecraft:bone":4,"minecraft:waxed_cut_copper_slab":1,"biomesoplenty:toadstool":15,"minecraft:note_block":1,"minecraft:cobblestone_wall":1,"minecraft:stone_sword":2,"minecraft:tinted_glass":1,"minecraft:rotten_flesh":4,"evilcraft:poison_sac":2,"minecraft:mud_bricks":12,"minecraft:allium":1,"minecraft:spruce_log":2,"minecraft:wooden_pickaxe":2,"minecraft:stone_pickaxe":1},"minecraft:picked_up":{"minecraft:waxed_oxidized_cut_copper":11,"minecraft:crafting_table":3,"minecraft:allium":1,"minecraft:chicken":2,"minecraft:redstone_lamp":1,"minecraft:wooden_pickaxe":1,"minecraft:wither_rose":3,"biomesoplenty:violet":1,"minecraft:enchanted_book":1,"tombstone:grave_key":2,"minecraft:string":6,"minecraft:waxed_cut_copper_slab":1,"evilcraft:poison_sac":2,"minecraft:sticky_piston":1,"minecraft:spruce_planks":2,"minecraft:waxed_exposed_cut_copper":2,"minecraft:beef":19,"minecraft:oak_boat":4,"minecraft:poppy":8,"minecraft:tinted_glass":1,"minecraft:raw_iron":14,"minecraft:glow_item_frame":1,"minecraft:torch":32,"minecraft:note_block":1,"minecraft:porkchop":10,"tombstone:grave_dust":8,"minecraft:dark_oak_planks":12,"minecraft:stone_sword":1,"minecraft:arrow":4,"minecraft:rotten_flesh":4,"minecraft:mutton":10,"minecraft:white_wool":6,"minecraft:cobblestone":26,"minecraft:birch_log":46,"minecraft:mud_bricks":46,"minecraft:lilac":1,"minecraft:leather":11,"minecraft:mud_brick_stairs":1,"minecraft:birch_planks":36,"minecraft:packed_mud":19,"minecraft:oak_log":48,"minecraft:warped_trapdoor":1,"minecraft:gunpowder":2,"minecraft:cobblestone_wall":1,"minecraft:dirt":20,"tombstone:gift":1,"minecraft:bone":5,"minecraft:wheat_seeds":7,"minecraft:oak_planks":4,"biomesoplenty:umbran_log":32,"minecraft:book":188,"biomesoplenty:toadstool":15,"minecraft:scaffolding":30,"minecraft:black_terracotta":1,"minecraft:dandelion":5,"minecraft:sand":30,"minecraft:grass_block":1,"minecraft:white_bed":1,"minecraft:spruce_log":2,"minecraft:spider_eye":1,"minecraft:gray_wool":2,"minecraft:emerald":1,"minecraft:coal":15,"minecraft:ender_pearl":1},"minecraft:custom":{"minecraft:mob_kills":49,"minecraft:inspect_hopper":1,"minecraft:interact_with_crafting_table":14,"minecraft:open_barrel":8,"minecraft:leave_game":1,"minecraft:time_since_death":20,"minecraft:climb_one_cm":5978,"minecraft:sprint_one_cm":400162,"minecraft:walk_one_cm":192291,"minecraft:drop":33,"minecraft:play_noteblock":2,"minecraft:deaths":10,"minecraft:play_time":112115,"minecraft:sneak_time":8938,"minecraft:walk_under_water_one_cm":1964,"minecraft:boat_one_cm":86535,"minecraft:jump":1719,"minecraft:walk_on_water_one_cm":8606,"minecraft:total_world_time":112115,"tombstone:raider_killed":1,"minecraft:sleep_in_bed":1,"minecraft:time_since_rest":1,"minecraft:waystone_activated":2,"minecraft:open_enderchest":1,"minecraft:damage_taken":4048,"minecraft:damage_absorbed":40,"minecraft:damage_dealt":7687,"minecraft:swim_one_cm":6482,"minecraft:fly_one_cm":256465,"minecraft:open_chest":16,"minecraft:crouch_one_cm":16701,"tombstone:undead_killed":15,"minecraft:fall_one_cm":45405},"minecraft:killed":{"vampirism:vampire":1,"minecraft:spider":2,"minecraft:skeleton":3,"minecraft:chicken":2,"minecraft:pig":6,"minecraft:ravager":1,"minecraft:creeper":1,"minecraft:sheep":8,"minecraft:zombie":12,"evilcraft:poisonous_libelle":2,"minecraft:enderman":2,"minecraft:cow":8},"minecraft:used":{"minecraft:stone_sword":201,"minecraft:chest":2,"minecraft:spruce_planks":2,"minecraft:torch":28,"minecraft:dirt":20,"minecraft:mutton":8,"minecraft:carrot":1,"minecraft:dark_oak_planks":6,"minecraft:iron_axe":204,"minecraft:packed_mud":7,"minecraft:mud_bricks":28,"minecraft:bow":4,"minecraft:beef":14,"minecraft:scaffolding":20,"tombstone:gift":7,"minecraft:cooked_beef":1,"minecraft:cooked_mutton":2,"minecraft:birch_planks":164,"minecraft:stone_pickaxe":101,"minecraft:oak_planks":80,"minecraft:waxed_oxidized_cut_copper":11,"minecraft:wooden_pickaxe":6,"minecraft:golden_apple":1,"minecraft:sand":28,"minecraft:crafting_table":9,"minecraft:white_bed":2,"minecraft:black_terracotta":1,"minecraft:diamond_pickaxe":67,"minecraft:apple":1,"minecraft:bread":6,"tombstone:grave_key":1,"minecraft:stone_axe":136,"minecraft:wooden_sword":59,"minecraft:cobblestone":18,"minecraft:porkchop":7,"minecraft:oak_boat":5,"alexsmobs:animal_dictionary":1}},"DataVersion":3465}