{"stats":{"minecraft:crafted":{"minecraft:oak_planks":16,"minecraft:crafting_table":1,"minecraft:wooden_pickaxe":1,"minecraft:birch_planks":8,"minecraft:stone_axe":1,"minecraft:oak_boat":1,"minecraft:stick":12,"minecraft:stone_pickaxe":1,"minecraft:stone_sword":1,"minecraft:white_bed":1,"minecraft:torch":12},"minecraft:mined":{"minecraft:white_bed":1,"minecraft:dandelion":7,"minecraft:crafting_table":3,"minecraft:torch":11,"minecraft:grass_block":1,"minecraft:poppy":8,"minecraft:cobblestone":3,"minecraft:wall_torch":2,"minecraft:cobblestone_wall":1,"biomesoplenty:toadstool":17,"minecraft:birch_log":24,"minecraft:iron_ore":7,"biomesoplenty:violet":1,"minecraft:spruce_log":2,"biomesoplenty:umbran_log":32,"minecraft:wither_rose":3,"minecraft:grass":23,"minecraft:oak_log":9,"minecraft:coal_ore":15,"minecraft:vine":1,"minecraft:dirt":7,"minecraft:sand":21,"minecraft:stone":24,"minecraft:oak_leaves":3,"minecraft:fern":17},"minecraft:dropped":{"minecraft:stone_sword":1,"minecraft:cobblestone_wall":1,"minecraft:wooden_pickaxe":1,"minecraft:string":2},"minecraft:picked_up":{"minecraft:birch_log":24,"minecraft:crafting_table":3,"minecraft:lilac":1,"minecraft:chicken":2,"minecraft:leather":2,"minecraft:wooden_pickaxe":1,"biomesoplenty:violet":1,"minecraft:wither_rose":3,"minecraft:oak_log":4,"minecraft:cobblestone_wall":1,"minecraft:string":4,"minecraft:dirt":8,"minecraft:wheat_seeds":1,"minecraft:beef":2,"minecraft:oak_boat":2,"minecraft:poppy":8,"biomesoplenty:umbran_log":32,"biomesoplenty:toadstool":15,"minecraft:raw_iron":7,"minecraft:torch":11,"minecraft:dandelion":4,"minecraft:porkchop":9,"minecraft:sand":20,"minecraft:white_bed":1,"minecraft:spruce_log":2,"minecraft:stone_sword":1,"minecraft:gray_wool":2,"minecraft:mutton":10,"minecraft:coal":15,"minecraft:white_wool":6,"minecraft:cobblestone":26},"minecraft:custom":{"minecraft:mob_kills":18,"minecraft:interact_with_crafting_table":8,"minecraft:open_barrel":4,"minecraft:leave_game":1,"minecraft:time_since_death":34115,"minecraft:sleep_in_bed":1,"minecraft:climb_one_cm":2002,"minecraft:time_since_rest":23092,"minecraft:sprint_one_cm":162221,"minecraft:damage_taken":310,"minecraft:walk_one_cm":44375,"minecraft:drop":5,"minecraft:damage_dealt":1688,"minecraft:swim_one_cm":3382,"minecraft:fly_one_cm":124262,"minecraft:open_chest":6,"minecraft:crouch_one_cm":787,"minecraft:play_time":34115,"tombstone:undead_killed":1,"minecraft:sneak_time":239,"minecraft:walk_under_water_one_cm":525,"minecraft:boat_one_cm":23265,"minecraft:jump":566,"minecraft:walk_on_water_one_cm":1793,"minecraft:total_world_time":34115,"minecraft:fall_one_cm":14511},"minecraft:killed":{"minecraft:pig":5,"minecraft:spider":1,"minecraft:sheep":8,"minecraft:zombie":1,"minecraft:chicken":2,"minecraft:cow":1},"minecraft:used":{"minecraft:cooked_mutton":2,"minecraft:stone_sword":138,"minecraft:stone_pickaxe":54,"minecraft:wooden_pickaxe":6,"minecraft:torch":13,"minecraft:dirt":5,"minecraft:sand":10,"minecraft:crafting_table":3,"minecraft:white_bed":1,"minecraft:apple":1,"minecraft:bread":2,"minecraft:stone_axe":66,"minecraft:cobblestone":15,"minecraft:beef":2,"minecraft:porkchop":7,"alexsmobs:animal_dictionary":1,"minecraft:oak_boat":2}},"DataVersion":3465}