{"stats":{"minecraft:picked_up":{"biomesoplenty:burning_blossom":4,"minecraft:redstone_block":7,"minecraft:smithing_table":1,"biomesoplenty:violet":1,"minecraft:wither_rose":3,"minecraft:enchanted_book":1,"tombstone:grave_key":2,"minecraft:polished_deepslate":3,"minecraft:polished_blackstone_brick_stairs":1,"minecraft:string":31,"minecraft:waxed_cut_copper_slab":4,"minecraft:raw_copper":28,"minecraft:sticky_piston":11,"minecraft:sea_pickle":3,"alexsmobs:blood_sac":5,"minecraft:gold_nugget":9,"minecraft:cobbled_deepslate":711,"minecraft:waxed_exposed_cut_copper":3,"minecraft:spruce_planks":6,"minecraft:rose_bush":4,"minecraft:ender_eye":3,"minecraft:furnace":1,"biomesoplenty:rose_quartz_block":18,"minecraft:stick":3,"minecraft:polished_deepslate_stairs":1,"minecraft:torch":48,"minecraft:porkchop":10,"minecraft:target":1,"minecraft:diorite":213,"tombstone:grave_dust":8,"minecraft:goat_horn":1,"minecraft:stone_sword":1,"minecraft:cactus":1,"minecraft:rotten_flesh":4,"biomesoplenty:rose_quartz_chunk":5,"minecraft:iron_block":2,"minecraft:obsidian":97,"biomesoplenty:lavender":4,"minecraft:cobblestone":1363,"minecraft:birch_log":46,"minecraft:lilac":1,"biomesoplenty:glowshroom":13,"minecraft:mud_brick_stairs":1,"alexsmobs:bear_fur":1,"minecraft:flint":1,"minecraft:tuff":147,"minecraft:warped_trapdoor":1,"minecraft:wither_skeleton_skull":1,"minecraft:lapis_lazuli":75,"minecraft:dirt":40,"biomesoplenty:bush":1,"minecraft:bone":17,"minecraft:wheat_seeds":10,"vampirism:altar_pillar":8,"minecraft:moss_block":11,"minecraft:oak_planks":45,"biomesoplenty:toadstool":15,"minecraft:black_terracotta":10,"minecraft:stripped_acacia_wood":1,"minecraft:sand":160,"minecraft:stripped_spruce_log":1,"minecraft:ink_sac":2,"minecraft:dead_bush":35,"minecraft:grass_block":1,"minecraft:red_terracotta":3,"minecraft:mossy_cobblestone":1,"minecraft:dark_prismarine":1,"minecraft:bundle":2,"minecraft:diamond":6,"minecraft:slime_block":1,"minecraft:lever":1,"minecraft:polished_blackstone_button":2,"minecraft:cracked_polished_blackstone_bricks":84,"minecraft:granite":54,"minecraft:grass":3,"minecraft:golden_apple":2,"minecraft:emerald":1,"minecraft:oak_sapling":4,"minecraft:netherrack":283,"minecraft:crimson_roots":5,"minecraft:crafting_table":3,"minecraft:mud":5,"minecraft:waxed_oxidized_cut_copper":14,"minecraft:allium":2,"minecraft:splash_potion":2,"minecraft:chicken":2,"minecraft:ladder":2,"minecraft:redstone_lamp":2,"minecraft:wooden_pickaxe":1,"minecraft:gold_block":13,"biomesoplenty:jacaranda_sapling":1,"biomesoplenty:sea_oats":3,"evilcraft:poison_sac":2,"minecraft:blackstone":71,"minecraft:beef":19,"minecraft:oak_boat":14,"minecraft:player_head":1,"minecraft:observer":1,"minecraft:poppy":8,"minecraft:lectern":3,"minecraft:tinted_glass":1,"minecraft:sugar_cane":34,"minecraft:chest":1,"minecraft:piston":5,"minecraft:egg":2,"minecraft:raw_iron":42,"minecraft:glow_item_frame":3,"minecraft:spruce_fence":3,"minecraft:note_block":11,"minecraft:polished_blackstone_bricks":126,"minecraft:redstone":41,"minecraft:dark_oak_planks":27,"minecraft:smooth_sandstone_slab":1,"minecraft:tnt":15,"minecraft:arrow":6,"minecraft:hay_block":16,"minecraft:stripped_dark_oak_wood":1,"minecraft:pink_tulip":1,"minecraft:gold_ingot":20,"minecraft:glow_berries":1,"minecraft:mutton":10,"minecraft:bone_block":16,"minecraft:white_wool":6,"minecraft:basalt":61,"minecraft:mud_bricks":120,"minecraft:glow_ink_sac":6,"vampirism:item_tent":1,"minecraft:leather":11,"minecraft:birch_planks":36,"minecraft:packed_mud":43,"minecraft:crimson_fungus":3,"minecraft:oak_log":65,"minecraft:ancient_debris":7,"biomesoplenty:dune_grass":3,"minecraft:nether_wart_block":1,"minecraft:gunpowder":2,"minecraft:cobblestone_wall":1,"alexsmobs:mosquito_proboscis":1,"tombstone:gift":1,"biomesoplenty:glowing_moss_carpet":1,"minecraft:orange_terracotta":16,"minecraft:smooth_sandstone":2,"minecraft:red_carpet":1,"minecraft:stone_bricks":5,"minecraft:kelp":2,"minecraft:iron_ingot":1,"biomesoplenty:umbran_log":32,"minecraft:book":233,"minecraft:scaffolding":42,"minecraft:warped_fungus":1,"minecraft:quartz":65,"minecraft:dandelion":5,"minecraft:gravel":7,"minecraft:spruce_sapling":6,"minecraft:mud_brick_wall":2,"minecraft:blast_furnace":2,"minecraft:white_bed":1,"minecraft:spruce_log":120,"vampirism:altar_infusion":1,"minecraft:spider_eye":5,"vampirism:altar_tip":4,"minecraft:gray_banner":1,"minecraft:honey_block":1,"evilcraft:dark_gem":115,"minecraft:diamond_axe":1,"minecraft:gray_wool":2,"minecraft:terracotta":78,"minecraft:sunflower":3,"vampirism:coffin_white":2,"minecraft:coal":51,"minecraft:ender_pearl":7},"minecraft:custom":{"minecraft:interact_with_crafting_table":29,"minecraft:open_barrel":17,"minecraft:leave_game":3,"minecraft:time_since_death":2441,"minecraft:sprint_one_cm":1277141,"minecraft:drop":92,"vampirism:interact_with_coffin":2,"minecraft:play_noteblock":20,"minecraft:talked_to_villager":10,"minecraft:play_time":424659,"minecraft:deaths":14,"minecraft:jump":6597,"minecraft:walk_on_water_one_cm":46762,"minecraft:interact_with_furnace":15,"minecraft:sleep_in_bed":2,"minecraft:waystone_activated":3,"minecraft:open_enderchest":1,"tombstone:sneak_grave":1,"minecraft:damage_dealt":27693,"minecraft:crouch_one_cm":66640,"tombstone:undead_killed":37,"minecraft:inspect_dispenser":1,"minecraft:mob_kills":153,"minecraft:inspect_hopper":2,"minecraft:damage_dealt_resisted":36,"minecraft:climb_one_cm":12744,"vampirism:amount_bitten":33,"minecraft:walk_one_cm":670103,"vampirism:skills_unlocked":5,"minecraft:sneak_time":28894,"minecraft:walk_under_water_one_cm":14213,"minecraft:boat_one_cm":381878,"minecraft:total_world_time":424659,"vampirism:blood_drunk":8200,"tombstone:raider_killed":1,"minecraft:tune_noteblock":5,"minecraft:time_since_rest":1594,"vampirism:resurrected":9,"minecraft:damage_taken":10546,"minecraft:damage_absorbed":708,"minecraft:swim_one_cm":43074,"minecraft:fly_one_cm":1494351,"minecraft:open_chest":82,"minecraft:fall_one_cm":166381},"minecraft:dropped":{"minecraft:moss_block":6,"minecraft:diamond_axe":1,"minecraft:glow_ink_sac":3,"minecraft:glass_bottle":1,"minecraft:glow_berries":1,"minecraft:glow_item_frame":1,"vampirism:item_tent":1,"minecraft:emerald":1,"minecraft:packed_mud":14,"minecraft:redstone_lamp":1,"minecraft:dirt":6,"minecraft:grass":3,"minecraft:bone_meal":51,"minecraft:sunflower":3,"minecraft:white_wool":3,"minecraft:gold_ingot":2,"minecraft:bone":4,"minecraft:waxed_cut_copper_slab":3,"minecraft:gravel":7,"biomesoplenty:toadstool":15,"minecraft:note_block":1,"minecraft:lever":1,"minecraft:gray_banner":1,"minecraft:tinted_glass":1,"minecraft:rotten_flesh":4,"minecraft:oak_planks":36,"evilcraft:poison_sac":2,"evilcraft:flesh_humanoid":2,"minecraft:ladder":2,"minecraft:splash_potion":2,"minecraft:netherrack":2,"minecraft:egg":2,"minecraft:iron_ingot":1,"minecraft:wheat_seeds":9,"minecraft:mossy_cobblestone":1,"minecraft:cobblestone":48,"minecraft:granite":54,"minecraft:golden_apple":1,"minecraft:mud_brick_wall":2,"minecraft:diorite":64,"tombstone:grave_key":2,"minecraft:rose_bush":4,"tombstone:grave_dust":7,"minecraft:smooth_sandstone":2,"minecraft:string":2,"minecraft:dandelion":1,"minecraft:polished_deepslate":3,"minecraft:kelp":2,"minecraft:stone_sword":2,"minecraft:cobblestone_wall":1,"minecraft:tuff":23,"biomesoplenty:dune_grass":3,"minecraft:polished_deepslate_stairs":1,"minecraft:filled_map":1,"minecraft:mud_bricks":27,"minecraft:sea_pickle":3,"minecraft:allium":1,"minecraft:bundle":2,"minecraft:oak_sapling":2,"minecraft:spruce_log":2,"biomesoplenty:bush":1,"minecraft:stone_pickaxe":1,"minecraft:wooden_pickaxe":2,"minecraft:terracotta":39},"minecraft:mined":{"minecraft:dark_oak_planks":63,"minecraft:waxed_cut_copper_slab":3,"minecraft:spruce_planks":18,"biomesoplenty:glowshroom":1,"minecraft:prismarine_wall":2,"minecraft:white_bed":1,"minecraft:black_terracotta":25,"biomesoplenty:burning_blossom":5,"minecraft:cave_vines_plant":3,"minecraft:red_sand":1,"minecraft:grass_block":17,"minecraft:cracked_polished_blackstone_bricks":9,"minecraft:soul_soil":1,"minecraft:deepslate_bricks":7,"minecraft:mud_bricks":132,"minecraft:mud_brick_wall":5,"minecraft:crimson_fungus":3,"minecraft:spawner":21,"minecraft:weeping_vines_plant":1,"minecraft:polished_blackstone_bricks":27,"minecraft:tall_seagrass":1,"minecraft:magma_block":1,"biomesoplenty:tall_lavender":1,"minecraft:dark_oak_trapdoor":1,"minecraft:iron_ore":7,"minecraft:sticky_piston":10,"minecraft:fire":26,"biomesoplenty:lavender":5,"biomesoplenty:violet":1,"minecraft:target":1,"minecraft:stripped_dark_oak_wood":2,"minecraft:dark_oak_stairs":1,"biomesoplenty:glowshroom_block":33,"minecraft:cave_vines":4,"minecraft:flowering_azalea_leaves":11,"minecraft:azalea_leaves":2,"minecraft:spruce_slab":8,"minecraft:piston_head":2,"minecraft:waxed_cut_copper":10,"minecraft:blackstone":6,"biomesoplenty:glowworm_silk":1,"biomesoplenty:glowing_moss_carpet":1,"minecraft:polished_deepslate_stairs":1,"minecraft:soul_lantern":1,"minecraft:clay":1,"minecraft:torch":27,"minecraft:note_block":12,"minecraft:blast_furnace":2,"minecraft:poppy":8,"minecraft:mud_brick_stairs":1,"minecraft:dead_bush":36,"minecraft:mushroom_stem":4,"minecraft:cobblestone":7,"minecraft:slime_block":1,"minecraft:oak_planks":11,"minecraft:sugar_cane":17,"minecraft:smooth_sandstone_slab":1,"minecraft:wall_torch":15,"minecraft:seagrass":2,"minecraft:dark_oak_slab":2,"minecraft:nether_wart_block":1,"minecraft:mud":5,"minecraft:tinted_glass":4,"evilcraft:dark_ore_deepslate":3,"minecraft:birch_log":46,"biomesoplenty:large_rose_quartz_bud":4,"minecraft:warped_fungus":1,"minecraft:tnt":17,"biomesoplenty:umbran_log":32,"minecraft:wither_rose":3,"minecraft:grass":164,"minecraft:oak_log":70,"minecraft:waxed_oxidized_copper":1,"minecraft:dirt":22,"minecraft:sand":235,"minecraft:smooth_quartz":1,"minecraft:netherrack":10,"minecraft:piston":5,"minecraft:oak_leaves":35,"minecraft:deepslate":7,"minecraft:redstone_lamp":1,"minecraft:dark_prismarine":1,"minecraft:red_carpet":1,"minecraft:deepslate_diamond_ore":2,"vampirism:altar_pillar":8,"minecraft:lever":1,"minecraft:chiseled_bookshelf":1,"biomesoplenty:bush":4,"minecraft:allium":3,"minecraft:spruce_fence":5,"minecraft:crimson_roots":7,"minecraft:white_stained_glass":2,"minecraft:spruce_leaves":25,"minecraft:moss_block":15,"minecraft:kelp":2,"biomesoplenty:dune_grass":5,"minecraft:waxed_weathered_copper":1,"minecraft:large_fern":11,"minecraft:hay_block":16,"minecraft:packed_mud":56,"minecraft:waxed_oxidized_cut_copper":20,"minecraft:furnace":1,"minecraft:acacia_trapdoor":1,"minecraft:raw_gold_block":1,"biomesoplenty:toadstool":17,"minecraft:waxed_oxidized_cut_copper_slab":2,"minecraft:stripped_spruce_log":1,"minecraft:gold_block":12,"biomesoplenty:sea_oats":6,"minecraft:polished_deepslate":3,"minecraft:bookshelf":106,"vampirism:altar_infusion":1,"minecraft:vine":4,"minecraft:stone":24,"biomesoplenty:rose_quartz_cluster":2,"minecraft:bone_block":2,"minecraft:smithing_table":1,"minecraft:podzol":1,"minecraft:scaffolding":22,"minecraft:redstone_block":12,"minecraft:flowering_azalea":3,"minecraft:observer":1,"minecraft:dandelion":9,"minecraft:smooth_sandstone":2,"minecraft:crafting_table":3,"minecraft:cyan_stained_glass_pane":2,"minecraft:honey_block":1,"minecraft:rose_bush":7,"vampirism:coffin_white":2,"minecraft:sculk_sensor":1,"minecraft:lectern":3,"minecraft:campfire":1,"minecraft:tall_grass":20,"biomesoplenty:sprout":32,"minecraft:lapis_ore":1,"minecraft:cracked_deepslate_bricks":1,"minecraft:cactus":1,"minecraft:cobblestone_wall":1,"minecraft:sea_pickle":1,"minecraft:spruce_log":124,"minecraft:dark_prismarine_slab":1,"minecraft:coal_ore":15,"minecraft:sunflower":8,"minecraft:gravel":12,"minecraft:cobweb":10,"minecraft:stripped_acacia_wood":2,"minecraft:small_dripleaf":4,"minecraft:waxed_exposed_cut_copper":8,"minecraft:fern":23,"vampirism:altar_tip":4},"minecraft:used":{"minecraft:moss_block":5,"minecraft:chest":6,"minecraft:iron_sword":134,"minecraft:player_head":1,"minecraft:mutton":8,"vampirism:coffin_white":2,"minecraft:carrot":1,"minecraft:obsidian":10,"minecraft:stripped_dark_oak_wood":3,"minecraft:packed_mud":10,"minecraft:bow":44,"minecraft:scaffolding":26,"minecraft:furnace":9,"minecraft:stone_pickaxe":101,"minecraft:oak_planks":138,"minecraft:blackstone":36,"minecraft:wooden_pickaxe":6,"minecraft:diamond_axe":619,"minecraft:golden_apple":49,"minecraft:glow_berries":4,"minecraft:sand":28,"minecraft:shears":39,"minecraft:black_terracotta":1,"minecraft:bread":6,"minecraft:lectern":2,"tombstone:grave_key":2,"minecraft:nether_wart_block":1,"minecraft:diamond_sword":220,"minecraft:wooden_sword":59,"minecraft:oak_boat":14,"minecraft:stripped_acacia_wood":1,"minecraft:stone_sword":201,"minecraft:flint_and_steel":2,"hammers:enhanced_diamond_hammer":1399,"minecraft:spruce_planks":99,"minecraft:netherrack":218,"minecraft:torch":57,"minecraft:dirt":20,"minecraft:golden_shovel":32,"minecraft:spruce_fence":26,"minecraft:dark_oak_planks":18,"minecraft:iron_axe":315,"minecraft:mud_bricks":87,"minecraft:basalt":1,"minecraft:golden_carrot":12,"minecraft:beef":14,"tombstone:gift":11,"minecraft:cooked_beef":1,"minecraft:cobbled_deepslate":8,"minecraft:cooked_mutton":2,"minecraft:water_bucket":2,"vampirism:altar_inspiration":1,"minecraft:birch_planks":164,"minecraft:smooth_sandstone_slab":1,"minecraft:waxed_oxidized_cut_copper":14,"minecraft:polished_blackstone_bricks":126,"minecraft:crafting_table":11,"minecraft:white_bed":2,"minecraft:oak_log":4,"minecraft:diamond_pickaxe":464,"minecraft:apple":1,"minecraft:diamond_shovel":188,"minecraft:cracked_polished_blackstone_bricks":20,"minecraft:stone_axe":136,"minecraft:cobblestone":138,"minecraft:porkchop":7,"minecraft:bucket":2,"alexsmobs:animal_dictionary":1,"minecraft:splash_potion":3},"minecraft:crafted":{"minecraft:oak_planks":244,"minecraft:diamond_shovel":1,"sophisticatedbackpacks:crafting_upgrade":1,"minecraft:glass":4,"minecraft:diamond_helmet":1,"minecraft:diamond_leggings":1,"minecraft:bow":1,"vampirism:altar_inspiration":1,"minecraft:chest":8,"hammers:enhanced_diamond_hammer":1,"sophisticatedbackpacks:backpack":2,"minecraft:crafting_table":9,"minecraft:spruce_planks":84,"minecraft:wooden_pickaxe":1,"minecraft:gold_block":7,"minecraft:birch_planks":184,"sophisticatedbackpacks:upgrade_base":1,"minecraft:diamond_pickaxe":1,"minecraft:purple_dye":4,"minecraft:stick":36,"minecraft:iron_ingot":18,"minecraft:iron_block":5,"minecraft:stone_sword":1,"minecraft:gold_ingot":198,"minecraft:shears":1,"minecraft:wooden_sword":1,"minecraft:raw_iron":72,"minecraft:iron_nugget":9,"minecraft:bone_meal":18,"minecraft:flint_and_steel":1,"minecraft:iron_axe":2,"minecraft:stone_pickaxe":1,"minecraft:diamond_boots":1,"sophisticatedbackpacks:iron_backpack":1,"minecraft:diamond_sword":1,"sophisticatedbackpacks:gold_backpack":1,"hammers:enhanced_stick":1,"minecraft:bucket":1,"minecraft:stone_axe":1,"minecraft:air":0,"minecraft:oak_boat":2,"minecraft:white_bed":1,"vampirism:blood_container":1,"minecraft:torch":20,"minecraft:diamond_chestplate":1},"minecraft:killed":{"vampirism:vampire":1,"minecraft:spider":20,"minecraft:skeleton":5,"minecraft:chicken":2,"alexsmobs:straddler":1,"minecraft:silverfish":1,"vampirism:advanced_hunter":1,"minecraft:piglin_brute":5,"minecraft:magma_cube":32,"minecraft:piglin":10,"minecraft:pig":6,"minecraft:creeper":1,"alexsmobs:crimson_mosquito":7,"minecraft:sheep":8,"minecraft:zombie":22,"minecraft:stray":1,"minecraft:cow":8,"alexsmobs:raccoon":1,"minecraft:ravager":1,"minecraft:hoglin":1,"evilcraft:poisonous_libelle":2,"minecraft:wither_skeleton":9,"minecraft:enderman":7},"minecraft:broken":{"minecraft:golden_shovel":1,"minecraft:wooden_sword":1,"minecraft:stone_axe":1,"minecraft:iron_axe":1}},"DataVersion":3465}