{"stats":{"minecraft:crafted":{"minecraft:oak_planks":152,"minecraft:bow":1,"minecraft:iron_axe":1,"minecraft:stone_pickaxe":1,"minecraft:crafting_table":4,"minecraft:wooden_pickaxe":1,"minecraft:birch_planks":184,"minecraft:stone_axe":1,"minecraft:oak_boat":2,"minecraft:diamond_pickaxe":1,"minecraft:stick":20,"minecraft:stone_sword":1,"minecraft:white_bed":1,"minecraft:torch":12,"minecraft:diamond_chestplate":1},"minecraft:mined":{"minecraft:dark_oak_planks":37,"minecraft:waxed_cut_copper_slab":2,"minecraft:spruce_planks":13,"minecraft:white_bed":1,"minecraft:black_terracotta":13,"minecraft:lever":1,"minecraft:cave_vines_plant":3,"minecraft:allium":1,"minecraft:grass_block":10,"minecraft:mud_bricks":36,"minecraft:mud_brick_wall":1,"minecraft:moss_block":2,"minecraft:spawner":1,"minecraft:waxed_oxidized_cut_copper":14,"minecraft:packed_mud":17,"biomesoplenty:toadstool":17,"minecraft:iron_ore":7,"minecraft:sticky_piston":1,"minecraft:waxed_oxidized_cut_copper_slab":2,"biomesoplenty:violet":1,"minecraft:stripped_dark_oak_wood":1,"minecraft:bookshelf":88,"minecraft:vine":1,"minecraft:cave_vines":4,"minecraft:flowering_azalea_leaves":11,"minecraft:stone":24,"minecraft:spruce_slab":2,"minecraft:scaffolding":7,"minecraft:dandelion":7,"minecraft:soul_lantern":1,"minecraft:crafting_table":3,"minecraft:cyan_stained_glass_pane":2,"minecraft:torch":18,"minecraft:note_block":2,"minecraft:poppy":8,"minecraft:sculk_sensor":1,"minecraft:tall_grass":1,"minecraft:cobblestone":3,"minecraft:oak_planks":5,"minecraft:wall_torch":9,"minecraft:cobblestone_wall":1,"minecraft:birch_log":46,"minecraft:tinted_glass":4,"minecraft:spruce_log":2,"biomesoplenty:umbran_log":32,"minecraft:dark_prismarine_slab":1,"minecraft:wither_rose":3,"minecraft:grass":87,"minecraft:coal_ore":15,"minecraft:oak_log":43,"minecraft:sand":21,"minecraft:dirt":7,"minecraft:waxed_exposed_cut_copper":3,"minecraft:oak_leaves":3,"minecraft:fern":17},"minecraft:broken":{"minecraft:stone_axe":1},"minecraft:dropped":{"tombstone:grave_dust":4,"minecraft:string":2,"minecraft:white_wool":3,"minecraft:waxed_cut_copper_slab":1,"biomesoplenty:toadstool":15,"minecraft:note_block":1,"minecraft:cobblestone_wall":1,"minecraft:stone_sword":1,"minecraft:tinted_glass":1,"minecraft:rotten_flesh":4,"evilcraft:poison_sac":2,"minecraft:mud_bricks":12,"minecraft:allium":1,"minecraft:spruce_log":2,"minecraft:wooden_pickaxe":2,"minecraft:stone_pickaxe":1},"minecraft:picked_up":{"minecraft:waxed_oxidized_cut_copper":11,"minecraft:crafting_table":3,"minecraft:allium":1,"minecraft:chicken":2,"minecraft:wooden_pickaxe":1,"minecraft:wither_rose":3,"biomesoplenty:violet":1,"minecraft:enchanted_book":1,"minecraft:string":6,"minecraft:waxed_cut_copper_slab":1,"evilcraft:poison_sac":2,"minecraft:sticky_piston":1,"minecraft:spruce_planks":2,"minecraft:beef":15,"minecraft:oak_boat":3,"minecraft:poppy":8,"minecraft:tinted_glass":1,"minecraft:raw_iron":7,"minecraft:torch":24,"minecraft:note_block":1,"minecraft:porkchop":10,"tombstone:grave_dust":6,"minecraft:dark_oak_planks":2,"minecraft:stone_sword":1,"minecraft:arrow":3,"minecraft:rotten_flesh":4,"minecraft:mutton":10,"minecraft:white_wool":6,"minecraft:cobblestone":26,"minecraft:birch_log":46,"minecraft:mud_bricks":35,"minecraft:lilac":1,"minecraft:leather":7,"minecraft:birch_planks":36,"minecraft:packed_mud":8,"minecraft:oak_log":38,"minecraft:cobblestone_wall":1,"minecraft:dirt":17,"tombstone:gift":1,"minecraft:bone":2,"minecraft:wheat_seeds":6,"minecraft:oak_planks":4,"biomesoplenty:umbran_log":32,"minecraft:book":188,"biomesoplenty:toadstool":15,"minecraft:scaffolding":20,"minecraft:dandelion":4,"minecraft:sand":20,"minecraft:white_bed":1,"minecraft:spruce_log":2,"minecraft:spider_eye":1,"minecraft:gray_wool":2,"minecraft:coal":15},"minecraft:custom":{"minecraft:mob_kills":39,"minecraft:inspect_hopper":1,"minecraft:interact_with_crafting_table":12,"minecraft:open_barrel":6,"minecraft:leave_game":1,"minecraft:time_since_death":11548,"minecraft:climb_one_cm":2842,"minecraft:sprint_one_cm":280209,"minecraft:walk_one_cm":140135,"minecraft:drop":19,"minecraft:play_noteblock":2,"minecraft:deaths":1,"minecraft:play_time":82115,"minecraft:sneak_time":7757,"minecraft:walk_under_water_one_cm":911,"minecraft:boat_one_cm":57285,"minecraft:jump":1178,"minecraft:walk_on_water_one_cm":3609,"minecraft:total_world_time":82115,"tombstone:raider_killed":1,"minecraft:sleep_in_bed":1,"minecraft:time_since_rest":9301,"minecraft:waystone_activated":2,"minecraft:open_enderchest":1,"minecraft:damage_taken":1575,"minecraft:damage_dealt":4603,"minecraft:swim_one_cm":4974,"minecraft:fly_one_cm":195073,"minecraft:open_chest":9,"minecraft:crouch_one_cm":15390,"tombstone:undead_killed":11,"minecraft:fall_one_cm":32997},"minecraft:killed":{"minecraft:spider":2,"minecraft:skeleton":2,"minecraft:chicken":2,"minecraft:pig":6,"minecraft:ravager":1,"minecraft:sheep":8,"minecraft:zombie":9,"evilcraft:poisonous_libelle":2,"minecraft:cow":6},"minecraft:used":{"minecraft:stone_sword":201,"minecraft:spruce_planks":2,"minecraft:torch":28,"minecraft:dirt":17,"minecraft:mutton":8,"minecraft:carrot":1,"minecraft:dark_oak_planks":2,"minecraft:iron_axe":169,"minecraft:packed_mud":2,"minecraft:mud_bricks":23,"minecraft:bow":3,"minecraft:beef":10,"tombstone:gift":4,"minecraft:cooked_beef":1,"minecraft:cooked_mutton":2,"minecraft:birch_planks":164,"minecraft:stone_pickaxe":101,"minecraft:oak_planks":49,"minecraft:waxed_oxidized_cut_copper":11,"minecraft:wooden_pickaxe":6,"minecraft:sand":20,"minecraft:crafting_table":7,"minecraft:white_bed":1,"minecraft:diamond_pickaxe":57,"minecraft:apple":1,"minecraft:bread":6,"minecraft:stone_axe":136,"minecraft:cobblestone":18,"minecraft:porkchop":7,"minecraft:oak_boat":3,"alexsmobs:animal_dictionary":1}},"DataVersion":3465}