{"stats":{"minecraft:crafted":{"minecraft:oak_planks":16,"minecraft:crafting_table":2,"minecraft:wooden_pickaxe":1,"minecraft:birch_planks":184,"minecraft:stone_axe":1,"minecraft:diamond_pickaxe":1,"minecraft:oak_boat":1,"minecraft:iron_axe":1,"minecraft:stick":16,"minecraft:stone_pickaxe":1,"minecraft:stone_sword":1,"minecraft:white_bed":1,"minecraft:torch":12,"minecraft:diamond_chestplate":1},"minecraft:mined":{"minecraft:waxed_cut_copper_slab":1,"minecraft:spruce_planks":6,"minecraft:white_bed":1,"minecraft:black_terracotta":6,"minecraft:soul_lantern":1,"minecraft:dandelion":7,"minecraft:cave_vines_plant":2,"minecraft:crafting_table":3,"minecraft:torch":15,"minecraft:note_block":1,"minecraft:grass_block":1,"minecraft:poppy":8,"minecraft:sculk_sensor":1,"minecraft:cobblestone":3,"minecraft:mud_brick_wall":1,"minecraft:mud_bricks":26,"minecraft:wall_torch":9,"minecraft:spawner":1,"minecraft:waxed_oxidized_cut_copper_slab":2,"minecraft:waxed_oxidized_cut_copper":12,"minecraft:packed_mud":9,"minecraft:cobblestone_wall":1,"minecraft:tinted_glass":4,"biomesoplenty:toadstool":17,"minecraft:birch_log":46,"minecraft:iron_ore":7,"minecraft:sticky_piston":1,"biomesoplenty:violet":1,"minecraft:spruce_log":2,"biomesoplenty:umbran_log":32,"minecraft:wither_rose":3,"minecraft:grass":30,"minecraft:bookshelf":88,"minecraft:oak_log":39,"minecraft:coal_ore":15,"minecraft:cave_vines":4,"minecraft:flowering_azalea_leaves":9,"minecraft:vine":1,"minecraft:dirt":7,"minecraft:sand":21,"minecraft:stone":24,"minecraft:waxed_exposed_cut_copper":1,"minecraft:oak_leaves":3,"minecraft:fern":17},"minecraft:broken":{"minecraft:stone_axe":1},"minecraft:dropped":{"minecraft:note_block":1,"minecraft:stone_sword":1,"minecraft:cobblestone_wall":1,"minecraft:tinted_glass":1,"minecraft:rotten_flesh":4,"minecraft:mud_bricks":12,"minecraft:stone_pickaxe":1,"minecraft:wooden_pickaxe":2,"minecraft:string":2},"minecraft:picked_up":{"minecraft:birch_log":46,"minecraft:waxed_oxidized_cut_copper":11,"minecraft:crafting_table":3,"minecraft:mud_bricks":35,"minecraft:lilac":1,"minecraft:chicken":2,"minecraft:leather":2,"minecraft:packed_mud":2,"minecraft:wooden_pickaxe":1,"biomesoplenty:violet":1,"minecraft:wither_rose":3,"minecraft:oak_log":34,"minecraft:cobblestone_wall":1,"minecraft:string":4,"minecraft:dirt":8,"evilcraft:poison_sac":2,"minecraft:sticky_piston":1,"minecraft:wheat_seeds":1,"minecraft:spruce_planks":2,"minecraft:beef":2,"minecraft:oak_boat":2,"minecraft:poppy":8,"minecraft:tinted_glass":1,"biomesoplenty:umbran_log":32,"minecraft:book":188,"biomesoplenty:toadstool":15,"minecraft:raw_iron":7,"minecraft:note_block":1,"minecraft:torch":21,"minecraft:dandelion":4,"minecraft:porkchop":9,"minecraft:sand":20,"tombstone:grave_dust":2,"minecraft:white_bed":1,"minecraft:spruce_log":2,"minecraft:rotten_flesh":4,"minecraft:stone_sword":1,"minecraft:gray_wool":2,"minecraft:mutton":10,"minecraft:coal":15,"minecraft:white_wool":6,"minecraft:cobblestone":26},"minecraft:custom":{"minecraft:mob_kills":30,"minecraft:inspect_hopper":1,"minecraft:interact_with_crafting_table":10,"minecraft:open_barrel":5,"minecraft:leave_game":1,"minecraft:time_since_death":58115,"minecraft:sleep_in_bed":1,"minecraft:climb_one_cm":2002,"minecraft:time_since_rest":47092,"minecraft:sprint_one_cm":213040,"minecraft:open_enderchest":1,"minecraft:damage_taken":754,"minecraft:walk_one_cm":102586,"minecraft:drop":11,"minecraft:damage_dealt":2981,"minecraft:play_noteblock":1,"minecraft:swim_one_cm":3382,"minecraft:fly_one_cm":140417,"minecraft:open_chest":7,"minecraft:crouch_one_cm":8811,"minecraft:play_time":58115,"tombstone:undead_killed":11,"minecraft:sneak_time":4397,"minecraft:walk_under_water_one_cm":525,"minecraft:boat_one_cm":23265,"minecraft:jump":781,"minecraft:walk_on_water_one_cm":1844,"minecraft:total_world_time":58115,"minecraft:fall_one_cm":18314},"minecraft:killed":{"minecraft:pig":5,"minecraft:spider":1,"minecraft:sheep":8,"minecraft:skeleton":2,"evilcraft:poisonous_libelle":2,"minecraft:zombie":9,"minecraft:chicken":2,"minecraft:cow":1},"minecraft:used":{"minecraft:cooked_mutton":2,"minecraft:stone_sword":177,"minecraft:birch_planks":130,"minecraft:stone_pickaxe":101,"minecraft:oak_planks":3,"minecraft:spruce_planks":2,"minecraft:wooden_pickaxe":6,"minecraft:torch":24,"minecraft:dirt":8,"minecraft:sand":20,"minecraft:mutton":3,"minecraft:crafting_table":5,"minecraft:carrot":1,"minecraft:white_bed":1,"minecraft:packed_mud":2,"minecraft:diamond_pickaxe":24,"minecraft:apple":1,"minecraft:iron_axe":112,"minecraft:bread":6,"minecraft:mud_bricks":21,"minecraft:stone_axe":136,"minecraft:cobblestone":18,"minecraft:beef":2,"minecraft:porkchop":7,"alexsmobs:animal_dictionary":1,"minecraft:oak_boat":2,"minecraft:cooked_beef":1}},"DataVersion":3465}