{"stats":{"minecraft:picked_up":{"biomesoplenty:burning_blossom":4,"minecraft:wheat":132,"minecraft:redstone_block":7,"minecraft:smithing_table":1,"minecraft:wither_rose":3,"biomesoplenty:violet":1,"minecraft:enchanted_book":4,"alexsmobs:bone_serpent_tooth":1,"tombstone:grave_key":2,"minecraft:polished_deepslate":3,"minecraft:polished_blackstone_brick_stairs":1,"minecraft:string":41,"evilcraft:ender_tear":1,"minecraft:waxed_cut_copper_slab":4,"minecraft:soul_soil":10,"minecraft:raw_copper":56,"minecraft:sticky_piston":11,"minecraft:sea_pickle":3,"alexsmobs:blood_sac":5,"minecraft:gold_nugget":9,"minecraft:cobbled_deepslate":876,"minecraft:spruce_planks":14,"minecraft:waxed_exposed_cut_copper":3,"minecraft:rose_bush":7,"minecraft:ender_eye":3,"minecraft:furnace":1,"biomesoplenty:rose_quartz_block":21,"minecraft:stick":9,"minecraft:polished_deepslate_stairs":1,"minecraft:torch":48,"minecraft:porkchop":10,"minecraft:target":1,"tombstone:grave_dust":11,"vampirism:vampire_fang":2,"minecraft:diorite":220,"vampirism:amulet":1,"minecraft:goat_horn":1,"minecraft:stone_sword":2,"minecraft:cactus":1,"vampirism:blood_bottle":12,"minecraft:rotten_flesh":40,"biomesoplenty:rose_quartz_chunk":5,"minecraft:iron_block":2,"vampirism:blood_grinder":1,"minecraft:blaze_rod":1,"minecraft:obsidian":249,"minecraft:cobblestone":2024,"biomesoplenty:lavender":4,"minecraft:birch_log":46,"minecraft:magma_block":3,"minecraft:lilac":1,"minecraft:magma_cream":1,"minecraft:andesite":65,"minecraft:mud_brick_stairs":1,"biomesoplenty:glowshroom":13,"alexsmobs:bear_fur":1,"minecraft:flint":1,"minecraft:tuff":147,"minecraft:warped_trapdoor":1,"evilcraft:flesh_humanoid":3,"minecraft:wither_skeleton_skull":1,"minecraft:lapis_lazuli":129,"minecraft:dirt":55,"biomesoplenty:bush":1,"minecraft:bone":32,"minecraft:wheat_seeds":417,"vampirism:altar_pillar":8,"minecraft:glowstone_dust":55,"minecraft:moss_block":11,"minecraft:oak_planks":45,"biomesoplenty:toadstool":15,"minecraft:black_terracotta":10,"evilcraft:dark_gem_crushed":24,"minecraft:stripped_acacia_wood":1,"minecraft:sand":615,"minecraft:nether_brick_stairs":17,"evilcraft:sanguinary_pedestal_0":2,"minecraft:stripped_spruce_log":1,"minecraft:ink_sac":2,"minecraft:dead_bush":47,"minecraft:grass_block":2,"minecraft:lily_of_the_valley":3,"minecraft:red_terracotta":3,"minecraft:mossy_cobblestone":1,"minecraft:dark_prismarine":1,"minecraft:bundle":3,"minecraft:diamond":6,"minecraft:slime_block":1,"minecraft:lever":1,"waystones:waystone":1,"minecraft:polished_blackstone_button":2,"minecraft:cracked_polished_blackstone_bricks":150,"minecraft:granite":56,"minecraft:grass":3,"minecraft:bone_meal":54,"minecraft:golden_apple":2,"minecraft:emerald":1,"alexsmobs:maggot":2,"minecraft:oak_sapling":6,"minecraft:netherrack":805,"minecraft:crimson_roots":5,"minecraft:diamond_pickaxe":1,"minecraft:waxed_oxidized_cut_copper":14,"minecraft:mud":5,"minecraft:crafting_table":3,"minecraft:allium":2,"minecraft:splash_potion":2,"evilcraft:dark_power_gem":1,"evilcraft:undead_sapling":1,"minecraft:chicken":2,"minecraft:ladder":2,"minecraft:redstone_lamp":2,"biomesoplenty:flesh":1,"minecraft:wooden_pickaxe":1,"minecraft:gold_block":13,"biomesoplenty:jacaranda_sapling":2,"biomesoplenty:sea_oats":3,"biomesoplenty:jacaranda_fence":1,"evilcraft:poison_sac":2,"minecraft:blackstone":71,"minecraft:beef":112,"minecraft:oak_boat":14,"minecraft:player_head":1,"minecraft:observer":1,"minecraft:poppy":8,"evilcraft:hardened_blood_shard":18,"minecraft:lectern":4,"minecraft:tinted_glass":1,"minecraft:sugar_cane":40,"minecraft:chest":1,"minecraft:piston":5,"minecraft:egg":2,"minecraft:raw_iron":42,"minecraft:glow_item_frame":3,"minecraft:note_block":11,"minecraft:spruce_fence":55,"minecraft:polished_blackstone_bricks":271,"minecraft:redstone":41,"minecraft:dark_oak_planks":27,"minecraft:smooth_sandstone_slab":1,"minecraft:tnt":15,"minecraft:arrow":6,"biomesoplenty:jacaranda_log":14,"minecraft:nether_bricks":4,"minecraft:hay_block":16,"minecraft:stripped_dark_oak_wood":1,"minecraft:pink_tulip":1,"minecraft:gold_ingot":20,"minecraft:glow_berries":1,"minecraft:mutton":37,"minecraft:white_wool":22,"minecraft:bone_block":19,"minecraft:mud_bricks":120,"minecraft:basalt":92,"vampirism:item_tent":1,"minecraft:glow_ink_sac":6,"minecraft:leather":61,"minecraft:birch_planks":36,"minecraft:packed_mud":43,"minecraft:crimson_fungus":3,"minecraft:oak_log":100,"biomesoplenty:dune_grass":3,"minecraft:ancient_debris":14,"minecraft:cobblestone_wall":1,"biomesoplenty:jacaranda_planks":192,"minecraft:nether_wart_block":1,"minecraft:gunpowder":2,"alexsmobs:mosquito_proboscis":1,"tombstone:gift":1,"biomesoplenty:glowing_moss_carpet":1,"minecraft:orange_terracotta":16,"minecraft:smooth_sandstone":2,"minecraft:coast_armor_trim_smithing_template":1,"minecraft:red_carpet":1,"vampirism:human_heart":1,"minecraft:stone_bricks":5,"minecraft:kelp":2,"minecraft:iron_ingot":1,"minecraft:iron_sword":1,"biomesoplenty:umbran_log":32,"minecraft:book":233,"minecraft:scaffolding":42,"evilcraft:undead_log":69,"minecraft:warped_fungus":1,"minecraft:quartz":974,"minecraft:dandelion":5,"minecraft:gravel":7,"minecraft:amethyst_shard":16,"minecraft:spruce_sapling":6,"minecraft:mud_brick_wall":2,"minecraft:blast_furnace":2,"minecraft:white_bed":1,"minecraft:spruce_log":128,"vampirism:altar_infusion":1,"minecraft:spider_eye":10,"evilcraft:dark_tank":2,"biomesoplenty:maple_sapling":2,"vampirism:blood_container":3,"vampirism:altar_tip":4,"minecraft:gray_banner":1,"minecraft:honey_block":1,"evilcraft:dark_gem":213,"minecraft:diamond_axe":1,"minecraft:gray_wool":2,"minecraft:terracotta":89,"minecraft:coal":62,"vampirism:coffin_white":2,"minecraft:sunflower":20,"minecraft:ender_pearl":15},"minecraft:custom":{"minecraft:animals_bred":89,"minecraft:interact_with_crafting_table":30,"minecraft:open_barrel":17,"minecraft:leave_game":7,"minecraft:time_since_death":71165,"minecraft:damage_resisted":657,"minecraft:sprint_one_cm":2005524,"minecraft:drop":196,"vampirism:interact_with_coffin":20,"minecraft:play_noteblock":20,"minecraft:talked_to_villager":10,"minecraft:play_time":739616,"minecraft:deaths":26,"minecraft:jump":9159,"minecraft:walk_on_water_one_cm":76838,"vampirism:interact_with_blood_grinder":18,"minecraft:enchant_item":8,"vampirism:altar_of_inspiration_rituals_performed":8,"minecraft:interact_with_furnace":107,"vampirism:action_used_bat":115,"minecraft:sleep_in_bed":14,"vampirism:actions_used":127,"minecraft:waystone_activated":4,"vampirism:action_used_regen":12,"minecraft:open_enderchest":1,"tombstone:sneak_grave":1,"minecraft:damage_dealt":52925,"minecraft:crouch_one_cm":103234,"tombstone:undead_killed":61,"minecraft:interact_with_smithing_table":3,"minecraft:inspect_dispenser":1,"minecraft:interact_with_anvil":2,"minecraft:mob_kills":302,"minecraft:inspect_hopper":2,"vampirism:action_time_bat":40713,"minecraft:damage_dealt_resisted":965,"minecraft:climb_one_cm":12838,"vampirism:amount_bitten":109,"minecraft:walk_one_cm":1291718,"vampirism:action_time_regen":4621,"vampirism:skills_unlocked":38,"vampirism:interact_with_altar_inspiration":10,"minecraft:sneak_time":48223,"minecraft:walk_under_water_one_cm":20963,"minecraft:boat_one_cm":381878,"minecraft:total_world_time":739616,"vampirism:blood_drunk":29000,"tombstone:raider_killed":2,"minecraft:tune_noteblock":5,"minecraft:time_since_rest":31121,"vampirism:resurrected":14,"minecraft:damage_taken":306454,"minecraft:damage_absorbed":1116,"minecraft:swim_one_cm":64847,"minecraft:fly_one_cm":3343572,"minecraft:open_chest":246,"minecraft:fall_one_cm":244846},"minecraft:dropped":{"minecraft:iron_sword":1,"minecraft:moss_block":6,"minecraft:diamond_axe":1,"minecraft:lapis_lazuli":46,"minecraft:glow_ink_sac":3,"minecraft:ender_pearl":1,"minecraft:glass_bottle":4,"vampirism:altar_tip":4,"minecraft:glow_berries":1,"minecraft:glow_item_frame":2,"vampirism:item_tent":1,"minecraft:emerald":1,"minecraft:gold_block":28,"minecraft:packed_mud":14,"minecraft:cracked_polished_blackstone_bricks":2,"minecraft:dirt":6,"minecraft:redstone_lamp":1,"minecraft:grass":3,"biomesoplenty:rose_quartz_block":3,"vampirism:altar_pillar":8,"minecraft:polished_blackstone_brick_stairs":1,"minecraft:crimson_roots":5,"minecraft:coast_armor_trim_smithing_template":1,"minecraft:bone_meal":51,"minecraft:sunflower":19,"minecraft:sand":3,"minecraft:polished_blackstone_bricks":1,"minecraft:white_wool":3,"minecraft:gold_ingot":2,"minecraft:bone":19,"minecraft:waxed_cut_copper_slab":3,"minecraft:gravel":7,"biomesoplenty:toadstool":15,"minecraft:note_block":1,"minecraft:lever":1,"minecraft:gray_banner":1,"minecraft:cobbled_deepslate":92,"minecraft:tinted_glass":1,"minecraft:obsidian":6,"minecraft:rotten_flesh":40,"minecraft:oak_planks":36,"evilcraft:poison_sac":2,"evilcraft:flesh_humanoid":5,"vampirism:vampire_fang":2,"minecraft:ladder":2,"minecraft:basalt":31,"biomesoplenty:flesh":1,"minecraft:quartz":8,"minecraft:splash_potion":2,"minecraft:netherrack":404,"minecraft:egg":2,"minecraft:iron_ingot":1,"minecraft:enchanted_book":1,"minecraft:golden_boots":1,"biomesoplenty:jacaranda_sapling":1,"minecraft:wheat_seeds":47,"minecraft:golden_helmet":2,"minecraft:mossy_cobblestone":1,"minecraft:diamond_leggings":1,"biomesoplenty:maple_sapling":2,"minecraft:cobblestone":80,"minecraft:granite":54,"evilcraft:dark_gem":4,"minecraft:golden_apple":1,"minecraft:stick":6,"minecraft:mud_brick_wall":2,"minecraft:diorite":64,"tombstone:grave_key":2,"minecraft:rose_bush":6,"minecraft:diamond_helmet":1,"tombstone:grave_dust":8,"evilcraft:dark_spike":2,"minecraft:string":2,"minecraft:smooth_sandstone":2,"minecraft:dandelion":1,"minecraft:polished_deepslate":3,"minecraft:kelp":2,"minecraft:stone_sword":2,"minecraft:cobblestone_wall":1,"minecraft:tuff":23,"minecraft:chicken":3,"biomesoplenty:dune_grass":3,"sophisticatedbackpacks:backpack":1,"minecraft:polished_deepslate_stairs":1,"minecraft:lily_of_the_valley":2,"minecraft:filled_map":1,"minecraft:mud_bricks":27,"minecraft:sea_pickle":3,"minecraft:allium":1,"minecraft:spruce_planks":4,"minecraft:bundle":2,"minecraft:andesite":1,"minecraft:golden_leggings":1,"minecraft:oak_sapling":4,"minecraft:spider_eye":1,"minecraft:spruce_log":2,"minecraft:diamond_boots":1,"biomesoplenty:bush":1,"minecraft:stone_pickaxe":1,"minecraft:wooden_pickaxe":2,"minecraft:magma_cream":1,"minecraft:magma_block":3,"minecraft:terracotta":46},"minecraft:mined":{"minecraft:dark_oak_planks":63,"minecraft:waxed_cut_copper_slab":3,"minecraft:spruce_planks":22,"biomesoplenty:glowshroom":1,"minecraft:prismarine_wall":2,"minecraft:white_bed":1,"minecraft:black_terracotta":25,"evilcraft:undead_leaves":208,"biomesoplenty:brimstone":3,"minecraft:cave_vines_plant":3,"minecraft:granite":12,"biomesoplenty:burning_blossom":5,"minecraft:red_sand":1,"minecraft:grass_block":28,"minecraft:cracked_polished_blackstone_bricks":9,"minecraft:deepslate_bricks":7,"minecraft:soul_soil":13,"minecraft:mud_bricks":132,"minecraft:mud_brick_wall":5,"minecraft:crimson_fungus":3,"minecraft:spawner":24,"minecraft:weeping_vines_plant":1,"minecraft:tall_seagrass":1,"minecraft:polished_blackstone_bricks":31,"minecraft:magma_block":2,"biomesoplenty:tall_lavender":1,"minecraft:glowstone":19,"minecraft:iron_ore":8,"minecraft:dark_oak_trapdoor":1,"minecraft:sticky_piston":10,"minecraft:fire":34,"minecraft:cobbled_deepslate":1,"biomesoplenty:lavender":5,"minecraft:target":1,"biomesoplenty:violet":1,"minecraft:stripped_dark_oak_wood":2,"minecraft:dark_oak_stairs":1,"biomesoplenty:glowshroom_block":33,"minecraft:flowering_azalea_leaves":11,"minecraft:cave_vines":4,"minecraft:azalea_leaves":2,"minecraft:spruce_slab":8,"minecraft:piston_head":2,"minecraft:waxed_cut_copper":10,"biomesoplenty:jacaranda_leaves":1,"minecraft:blackstone":8,"biomesoplenty:glowworm_silk":1,"minecraft:polished_deepslate_stairs":1,"biomesoplenty:glowing_moss_carpet":1,"minecraft:soul_lantern":1,"minecraft:clay":1,"minecraft:torch":27,"minecraft:note_block":12,"vampirism:blood_grinder":1,"minecraft:blast_furnace":2,"minecraft:mud_brick_stairs":1,"minecraft:poppy":8,"minecraft:dead_bush":36,"minecraft:mushroom_stem":4,"minecraft:cobblestone":9,"minecraft:slime_block":1,"minecraft:oak_planks":11,"minecraft:sugar_cane":19,"minecraft:smooth_sandstone_slab":1,"minecraft:wall_torch":15,"minecraft:seagrass":2,"minecraft:dark_oak_slab":2,"minecraft:nether_wart_block":1,"minecraft:mud":5,"minecraft:tinted_glass":4,"evilcraft:dark_ore_deepslate":8,"minecraft:birch_log":46,"minecraft:wheat":166,"minecraft:warped_fungus":1,"biomesoplenty:large_rose_quartz_bud":4,"biomesoplenty:maple_leaves":4,"minecraft:tnt":17,"biomesoplenty:umbran_log":32,"minecraft:wither_rose":3,"minecraft:grass":198,"minecraft:oak_log":105,"minecraft:waxed_oxidized_copper":1,"minecraft:dirt":28,"minecraft:smooth_quartz":1,"minecraft:sand":693,"minecraft:piston":5,"minecraft:deepslate":38,"minecraft:netherrack":21,"minecraft:red_carpet":1,"minecraft:oak_leaves":41,"evilcraft:hardened_blood":10,"minecraft:dark_prismarine":1,"minecraft:redstone_lamp":1,"minecraft:deepslate_diamond_ore":2,"evilcraft:dark_tank":2,"biomesoplenty:jacaranda_fence":2,"vampirism:altar_pillar":8,"minecraft:lever":1,"minecraft:chiseled_bookshelf":1,"biomesoplenty:bush":4,"minecraft:allium":3,"minecraft:spruce_fence":5,"minecraft:crimson_roots":7,"minecraft:white_stained_glass":2,"minecraft:spruce_leaves":25,"minecraft:moss_block":15,"minecraft:kelp":2,"biomesoplenty:dune_grass":5,"minecraft:waxed_weathered_copper":1,"minecraft:large_fern":11,"minecraft:hay_block":16,"evilcraft:sanguinary_pedestal_0":2,"biomesoplenty:jacaranda_log":14,"minecraft:packed_mud":56,"minecraft:waxed_oxidized_cut_copper":20,"minecraft:furnace":1,"minecraft:acacia_trapdoor":1,"minecraft:raw_gold_block":1,"biomesoplenty:toadstool":17,"minecraft:waxed_oxidized_cut_copper_slab":2,"minecraft:gray_wall_banner":1,"minecraft:andesite":2,"minecraft:stripped_spruce_log":1,"evilcraft:dark_ore":5,"biomesoplenty:flesh":1,"minecraft:gold_block":12,"biomesoplenty:sea_oats":6,"minecraft:polished_deepslate":3,"minecraft:bookshelf":106,"vampirism:altar_infusion":1,"biomesoplenty:brimstone_bud":1,"minecraft:vine":4,"minecraft:stone":60,"biomesoplenty:rose_quartz_cluster":2,"minecraft:bone_block":2,"biomesoplenty:brimstone_cluster":2,"evilcraft:undead_sapling":1,"minecraft:podzol":1,"minecraft:smithing_table":1,"minecraft:scaffolding":22,"minecraft:redstone_block":12,"minecraft:flowering_azalea":3,"minecraft:soul_sand":4,"minecraft:lily_of_the_valley":2,"minecraft:dandelion":9,"minecraft:observer":1,"minecraft:smooth_sandstone":2,"minecraft:crafting_table":3,"minecraft:cyan_stained_glass_pane":2,"minecraft:honey_block":1,"minecraft:warped_roots":1,"minecraft:rose_bush":9,"vampirism:coffin_white":2,"minecraft:sculk_sensor":1,"minecraft:campfire":1,"minecraft:lectern":3,"minecraft:tall_grass":21,"biomesoplenty:sprout":66,"minecraft:lapis_ore":1,"minecraft:cracked_deepslate_bricks":1,"minecraft:red_terracotta":1,"minecraft:cactus":1,"minecraft:cobblestone_wall":1,"minecraft:sea_pickle":1,"minecraft:spruce_log":133,"minecraft:dark_prismarine_slab":1,"minecraft:white_wall_banner":1,"minecraft:coal_ore":18,"evilcraft:undead_log":65,"minecraft:gravel":12,"minecraft:sunflower":18,"minecraft:cobweb":10,"minecraft:terracotta":1,"minecraft:stripped_acacia_wood":2,"minecraft:small_dripleaf":4,"minecraft:waxed_exposed_cut_copper":8,"vampirism:altar_tip":4,"minecraft:fern":37},"minecraft:used":{"minecraft:moss_block":5,"minecraft:chest":9,"minecraft:iron_sword":207,"vampirism:blood_container":13,"minecraft:player_head":1,"minecraft:mutton":8,"vampirism:coffin_white":2,"minecraft:carrot":1,"minecraft:obsidian":44,"minecraft:stripped_dark_oak_wood":3,"minecraft:packed_mud":10,"vampirism:blood_sieve":5,"minecraft:bow":72,"minecraft:scaffolding":26,"minecraft:furnace":9,"biomesoplenty:jacaranda_fence":1,"minecraft:stone_pickaxe":101,"minecraft:oak_planks":138,"minecraft:blackstone":72,"minecraft:wooden_pickaxe":6,"minecraft:diamond_axe":1521,"minecraft:golden_apple":65,"minecraft:glow_berries":4,"minecraft:sand":28,"evilcraft:undead_sapling":17,"minecraft:shears":39,"minecraft:black_terracotta":1,"waystones:waystone":1,"minecraft:bread":6,"minecraft:lectern":2,"tombstone:grave_key":7,"minecraft:nether_wart_block":1,"minecraft:diamond_sword":268,"minecraft:wooden_sword":59,"evilcraft:sanguinary_pedestal_0":9,"minecraft:stripped_acacia_wood":1,"minecraft:oak_boat":14,"minecraft:bone_meal":60,"minecraft:stone_sword":201,"minecraft:enchanting_table":1,"minecraft:flint_and_steel":5,"hammers:enhanced_diamond_hammer":2516,"minecraft:spruce_planks":143,"minecraft:netherrack":342,"minecraft:torch":57,"minecraft:dirt":29,"minecraft:anvil":1,"minecraft:golden_shovel":32,"minecraft:spruce_fence":27,"minecraft:dark_oak_planks":18,"alexsmobs:maggot":1,"minecraft:bookshelf":33,"minecraft:iron_axe":315,"minecraft:mud_bricks":87,"minecraft:basalt":65,"minecraft:golden_carrot":12,"minecraft:beef":14,"minecraft:soul_soil":10,"tombstone:gift":13,"minecraft:cooked_beef":1,"minecraft:cobbled_deepslate":77,"minecraft:wheat_seeds":165,"minecraft:cooked_mutton":2,"minecraft:water_bucket":4,"vampirism:altar_inspiration":1,"minecraft:birch_planks":164,"evilcraft:blood_infuser":1,"minecraft:smooth_sandstone_slab":1,"minecraft:waxed_oxidized_cut_copper":14,"vampirism:blood_grinder":6,"minecraft:polished_blackstone_bricks":162,"minecraft:terracotta":38,"minecraft:crafting_table":11,"minecraft:white_bed":2,"minecraft:oak_log":4,"minecraft:diamond_pickaxe":604,"minecraft:apple":1,"minecraft:diamond_shovel":652,"minecraft:cracked_polished_blackstone_bricks":20,"minecraft:stone_axe":136,"minecraft:cobblestone":172,"evilcraft:dark_tank":8,"minecraft:porkchop":7,"minecraft:bucket":7,"alexsmobs:animal_dictionary":1,"minecraft:splash_potion":3},"minecraft:crafted":{"minecraft:oak_planks":244,"minecraft:stone":128,"minecraft:diamond_shovel":1,"sophisticatedbackpacks:crafting_upgrade":1,"minecraft:bookshelf":1,"minecraft:glass":129,"minecraft:diamond_helmet":2,"minecraft:bow":1,"minecraft:diamond_leggings":2,"minecraft:netherite_boots":1,"evilcraft:blood_extractor":5,"vampirism:altar_inspiration":1,"minecraft:chest":9,"minecraft:netherite_helmet":1,"vampirism:blood_grinder":5,"minecraft:netherite_upgrade_smithing_template":6,"hammers:enhanced_diamond_hammer":1,"minecraft:golden_boots":1,"evilcraft:undead_planks":192,"sophisticatedbackpacks:backpack":2,"minecraft:cauldron":2,"minecraft:crafting_table":9,"minecraft:spruce_planks":88,"minecraft:wooden_pickaxe":1,"minecraft:gold_block":7,"waystones:warp_stone":1,"minecraft:birch_planks":184,"sophisticatedbackpacks:upgrade_base":1,"minecraft:diamond_pickaxe":1,"minecraft:charcoal":1,"minecraft:purple_dye":4,"minecraft:stick":36,"minecraft:iron_ingot":110,"minecraft:iron_block":5,"minecraft:stone_sword":1,"minecraft:gold_ingot":207,"minecraft:shears":1,"minecraft:wooden_sword":1,"evilcraft:dark_spike":32,"minecraft:raw_iron":72,"minecraft:iron_nugget":9,"minecraft:bone_meal":18,"minecraft:flint_and_steel":1,"evilcraft:dark_block":2,"minecraft:netherite_chestplate":1,"vampirism:blood_sieve":2,"minecraft:diamond":63,"minecraft:netherite_leggings":1,"minecraft:iron_axe":2,"evilcraft:sanguinary_pedestal_0":2,"minecraft:stone_pickaxe":1,"minecraft:diamond_boots":2,"minecraft:golden_helmet":1,"sophisticatedbackpacks:iron_backpack":1,"minecraft:diamond_sword":1,"evilcraft:dark_tank":6,"evilcraft:blood_infusion_core":1,"minecraft:enchanting_table":1,"sophisticatedbackpacks:gold_backpack":1,"minecraft:bucket":1,"hammers:enhanced_stick":1,"minecraft:stone_axe":1,"minecraft:air":0,"minecraft:oak_boat":2,"evilcraft:blood_infuser":1,"minecraft:anvil":1,"minecraft:white_bed":1,"vampirism:blood_container":3,"minecraft:torch":20,"minecraft:diamond_chestplate":3},"minecraft:killed":{"vampirism:vampire":2,"minecraft:spider":28,"minecraft:skeleton":5,"minecraft:chicken":2,"minecraft:silverfish":1,"vampirism:advanced_hunter":3,"alexsmobs:straddler":1,"minecraft:illusioner":1,"minecraft:piglin_brute":10,"minecraft:magma_cube":32,"minecraft:piglin":13,"minecraft:pig":6,"minecraft:creeper":2,"alexsmobs:crimson_mosquito":12,"vampirism:hunter":5,"minecraft:sheep":40,"minecraft:zombie":36,"minecraft:ghast":1,"minecraft:stray":1,"alexsmobs:fly":1,"minecraft:blaze":3,"minecraft:cow":56,"alexsmobs:bone_serpent":3,"alexsmobs:dropbear":2,"alexsmobs:raccoon":1,"minecraft:ravager":1,"minecraft:hoglin":1,"evilcraft:poisonous_libelle":2,"minecraft:wither_skeleton":16,"minecraft:enderman":13},"minecraft:broken":{"minecraft:golden_shovel":1,"minecraft:wooden_sword":1,"minecraft:stone_axe":1,"minecraft:diamond_chestplate":1,"minecraft:diamond_axe":1,"minecraft:iron_axe":1}},"DataVersion":3465}