{"stats":{"minecraft:crafted":{"minecraft:wooden_sword":1,"minecraft:oak_planks":192,"minecraft:raw_iron":72,"minecraft:diamond_helmet":1,"minecraft:diamond_leggings":1,"minecraft:bow":1,"minecraft:iron_axe":2,"minecraft:stone_pickaxe":1,"minecraft:chest":3,"sophisticatedbackpacks:iron_backpack":1,"minecraft:diamond_sword":1,"sophisticatedbackpacks:backpack":1,"minecraft:crafting_table":7,"minecraft:spruce_planks":84,"minecraft:wooden_pickaxe":1,"sophisticatedbackpacks:gold_backpack":1,"minecraft:gold_block":7,"minecraft:birch_planks":184,"minecraft:stone_axe":1,"minecraft:oak_boat":2,"minecraft:diamond_pickaxe":1,"minecraft:stick":32,"minecraft:iron_ingot":9,"minecraft:iron_block":5,"minecraft:stone_sword":1,"minecraft:gold_ingot":9,"minecraft:white_bed":1,"minecraft:torch":16,"minecraft:diamond_chestplate":1},"minecraft:mined":{"minecraft:dark_oak_planks":63,"minecraft:waxed_cut_copper_slab":3,"minecraft:dark_prismarine":1,"minecraft:red_carpet":1,"minecraft:prismarine_wall":2,"minecraft:spruce_planks":16,"minecraft:white_bed":1,"minecraft:black_terracotta":25,"minecraft:lever":1,"minecraft:cave_vines_plant":3,"minecraft:allium":1,"minecraft:grass_block":12,"minecraft:deepslate_bricks":7,"minecraft:kelp":2,"minecraft:spruce_leaves":18,"minecraft:mud_bricks":132,"minecraft:mud_brick_wall":5,"minecraft:moss_block":11,"minecraft:waxed_weathered_copper":1,"minecraft:spawner":20,"minecraft:large_fern":11,"minecraft:tall_seagrass":1,"minecraft:magma_block":1,"minecraft:raw_gold_block":1,"minecraft:waxed_oxidized_cut_copper":20,"minecraft:acacia_trapdoor":1,"minecraft:packed_mud":56,"minecraft:dark_oak_trapdoor":1,"biomesoplenty:toadstool":17,"minecraft:iron_ore":7,"minecraft:sticky_piston":10,"minecraft:waxed_oxidized_cut_copper_slab":2,"biomesoplenty:violet":1,"minecraft:target":1,"minecraft:stripped_spruce_log":1,"minecraft:dark_oak_stairs":1,"minecraft:stripped_dark_oak_wood":2,"minecraft:polished_deepslate":3,"minecraft:bookshelf":105,"minecraft:vine":4,"minecraft:cave_vines":4,"minecraft:flowering_azalea_leaves":11,"minecraft:azalea_leaves":2,"minecraft:stone":24,"minecraft:spruce_slab":8,"minecraft:waxed_cut_copper":10,"minecraft:piston_head":2,"minecraft:smithing_table":1,"minecraft:scaffolding":22,"minecraft:polished_deepslate_stairs":1,"minecraft:observer":1,"minecraft:dandelion":9,"minecraft:soul_lantern":1,"minecraft:crafting_table":3,"minecraft:cyan_stained_glass_pane":2,"minecraft:torch":18,"minecraft:note_block":12,"minecraft:honey_block":1,"minecraft:blast_furnace":2,"minecraft:mud_brick_stairs":1,"minecraft:poppy":8,"minecraft:campfire":1,"minecraft:sculk_sensor":1,"minecraft:tall_grass":20,"minecraft:cobblestone":3,"minecraft:slime_block":1,"minecraft:oak_planks":8,"minecraft:cracked_deepslate_bricks":1,"minecraft:wall_torch":9,"minecraft:seagrass":2,"minecraft:dark_oak_slab":2,"minecraft:cobblestone_wall":1,"minecraft:sea_pickle":1,"minecraft:birch_log":46,"minecraft:tinted_glass":4,"minecraft:spruce_log":90,"minecraft:tnt":17,"biomesoplenty:umbran_log":32,"minecraft:dark_prismarine_slab":1,"minecraft:wither_rose":3,"minecraft:grass":122,"minecraft:coal_ore":15,"minecraft:oak_log":53,"minecraft:waxed_oxidized_copper":1,"minecraft:smooth_quartz":1,"minecraft:sand":30,"minecraft:dirt":8,"minecraft:stripped_acacia_wood":2,"minecraft:small_dripleaf":4,"minecraft:redstone_lamp":1,"minecraft:piston":5,"minecraft:waxed_exposed_cut_copper":8,"minecraft:oak_leaves":3,"minecraft:fern":18},"minecraft:broken":{"minecraft:iron_axe":1,"minecraft:wooden_sword":1,"minecraft:stone_axe":1},"minecraft:dropped":{"minecraft:iron_ingot":1,"minecraft:wheat_seeds":8,"minecraft:glow_berries":1,"vampirism:item_tent":1,"minecraft:emerald":1,"minecraft:packed_mud":14,"tombstone:grave_key":2,"tombstone:grave_dust":7,"minecraft:string":2,"minecraft:white_wool":3,"minecraft:dandelion":1,"minecraft:bone":4,"minecraft:waxed_cut_copper_slab":1,"biomesoplenty:toadstool":15,"minecraft:note_block":1,"minecraft:cobblestone_wall":1,"minecraft:stone_sword":2,"minecraft:tinted_glass":1,"minecraft:rotten_flesh":4,"evilcraft:poison_sac":2,"evilcraft:flesh_humanoid":2,"minecraft:mud_bricks":12,"minecraft:sea_pickle":2,"minecraft:allium":1,"minecraft:bundle":2,"minecraft:spruce_log":2,"minecraft:wooden_pickaxe":2,"minecraft:stone_pickaxe":1},"minecraft:picked_up":{"minecraft:waxed_oxidized_cut_copper":14,"minecraft:crafting_table":3,"minecraft:allium":1,"minecraft:chicken":2,"minecraft:redstone_lamp":2,"minecraft:smithing_table":1,"minecraft:wooden_pickaxe":1,"minecraft:wither_rose":3,"biomesoplenty:violet":1,"minecraft:enchanted_book":1,"tombstone:grave_key":2,"minecraft:polished_deepslate":3,"minecraft:string":11,"minecraft:waxed_cut_copper_slab":2,"evilcraft:poison_sac":2,"minecraft:sticky_piston":11,"minecraft:sea_pickle":3,"minecraft:spruce_planks":4,"minecraft:waxed_exposed_cut_copper":3,"minecraft:beef":19,"minecraft:oak_boat":6,"minecraft:ender_eye":3,"minecraft:player_head":1,"minecraft:observer":1,"minecraft:poppy":8,"minecraft:tinted_glass":1,"minecraft:chest":1,"minecraft:piston":5,"minecraft:stick":2,"minecraft:raw_iron":14,"minecraft:glow_item_frame":3,"minecraft:polished_deepslate_stairs":1,"minecraft:torch":32,"minecraft:note_block":11,"minecraft:porkchop":10,"minecraft:target":1,"tombstone:grave_dust":8,"minecraft:goat_horn":1,"minecraft:dark_oak_planks":27,"minecraft:tnt":15,"minecraft:stone_sword":1,"minecraft:arrow":6,"minecraft:rotten_flesh":4,"minecraft:stripped_dark_oak_wood":1,"minecraft:pink_tulip":1,"minecraft:gold_ingot":18,"minecraft:glow_berries":1,"minecraft:mutton":10,"minecraft:white_wool":6,"minecraft:cobblestone":26,"minecraft:birch_log":46,"minecraft:mud_bricks":120,"minecraft:lilac":1,"vampirism:item_tent":1,"minecraft:leather":11,"minecraft:mud_brick_stairs":1,"minecraft:birch_planks":36,"minecraft:packed_mud":43,"minecraft:oak_log":48,"minecraft:warped_trapdoor":1,"minecraft:gunpowder":2,"minecraft:cobblestone_wall":1,"minecraft:wither_skeleton_skull":1,"minecraft:dirt":20,"tombstone:gift":1,"minecraft:red_carpet":1,"minecraft:bone":14,"minecraft:kelp":2,"minecraft:wheat_seeds":9,"minecraft:iron_ingot":1,"minecraft:moss_block":8,"minecraft:oak_planks":6,"biomesoplenty:umbran_log":32,"minecraft:book":233,"biomesoplenty:toadstool":15,"minecraft:scaffolding":42,"minecraft:black_terracotta":10,"minecraft:stripped_acacia_wood":1,"minecraft:dandelion":5,"minecraft:sand":30,"minecraft:stripped_spruce_log":1,"minecraft:spruce_sapling":6,"minecraft:mud_brick_wall":2,"minecraft:blast_furnace":2,"minecraft:grass_block":1,"minecraft:white_bed":1,"minecraft:spruce_log":87,"minecraft:spider_eye":1,"minecraft:dark_prismarine":1,"minecraft:bundle":2,"minecraft:lever":1,"minecraft:slime_block":1,"minecraft:gray_banner":1,"minecraft:honey_block":1,"minecraft:polished_blackstone_button":2,"minecraft:golden_apple":1,"minecraft:gray_wool":2,"minecraft:emerald":1,"minecraft:coal":17,"minecraft:ender_pearl":2},"minecraft:custom":{"minecraft:mob_kills":69,"minecraft:inspect_hopper":2,"minecraft:interact_with_crafting_table":25,"minecraft:open_barrel":17,"minecraft:leave_game":2,"minecraft:time_since_death":83494,"minecraft:climb_one_cm":10946,"minecraft:sprint_one_cm":642971,"minecraft:walk_one_cm":312248,"minecraft:drop":45,"vampirism:skills_unlocked":1,"minecraft:play_noteblock":20,"minecraft:deaths":10,"minecraft:play_time":195589,"minecraft:sneak_time":15184,"minecraft:walk_under_water_one_cm":7573,"minecraft:boat_one_cm":137205,"minecraft:jump":2632,"minecraft:walk_on_water_one_cm":18356,"minecraft:total_world_time":195589,"tombstone:raider_killed":1,"minecraft:tune_noteblock":5,"minecraft:sleep_in_bed":1,"vampirism:resurrected":3,"minecraft:time_since_rest":83129,"minecraft:waystone_activated":2,"minecraft:open_enderchest":1,"minecraft:damage_taken":5499,"minecraft:damage_absorbed":338,"tombstone:sneak_grave":1,"minecraft:damage_dealt":15882,"minecraft:swim_one_cm":17338,"minecraft:fly_one_cm":415001,"minecraft:open_chest":44,"minecraft:crouch_one_cm":32225,"tombstone:undead_killed":29,"minecraft:fall_one_cm":59383,"minecraft:inspect_dispenser":1},"minecraft:killed":{"vampirism:vampire":1,"minecraft:spider":7,"minecraft:skeleton":5,"minecraft:chicken":2,"minecraft:pig":6,"minecraft:ravager":1,"minecraft:creeper":1,"minecraft:sheep":8,"minecraft:zombie":17,"evilcraft:poisonous_libelle":2,"minecraft:wither_skeleton":7,"minecraft:enderman":3,"minecraft:cow":8},"minecraft:used":{"minecraft:stone_sword":201,"minecraft:chest":2,"minecraft:spruce_planks":87,"minecraft:player_head":1,"minecraft:torch":36,"minecraft:dirt":20,"minecraft:mutton":8,"minecraft:carrot":1,"minecraft:dark_oak_planks":8,"minecraft:stripped_dark_oak_wood":3,"minecraft:iron_axe":315,"minecraft:packed_mud":10,"minecraft:mud_bricks":87,"minecraft:golden_carrot":10,"minecraft:bow":4,"minecraft:beef":14,"minecraft:scaffolding":26,"tombstone:gift":9,"minecraft:cooked_beef":1,"minecraft:cooked_mutton":2,"minecraft:birch_planks":164,"minecraft:stone_pickaxe":101,"minecraft:oak_planks":134,"minecraft:waxed_oxidized_cut_copper":11,"minecraft:wooden_pickaxe":6,"minecraft:diamond_axe":180,"minecraft:glow_berries":4,"minecraft:golden_apple":24,"minecraft:sand":28,"minecraft:crafting_table":10,"minecraft:white_bed":2,"minecraft:black_terracotta":1,"minecraft:diamond_pickaxe":324,"minecraft:apple":1,"minecraft:bread":6,"tombstone:grave_key":1,"minecraft:stone_axe":136,"minecraft:diamond_sword":220,"minecraft:wooden_sword":59,"minecraft:cobblestone":18,"minecraft:porkchop":7,"minecraft:oak_boat":6,"alexsmobs:animal_dictionary":1,"minecraft:splash_potion":1}},"DataVersion":3465}